Number ,tweetDate,twitterId,Code,text,tweetLink,RT,Likes,timestamp,query
1,Thu May 04 07:32:17 +0000 2023,4104286125,,Arranca en Barcelona la campa√±a ‚ÄúEl diagn√≥stico precoz parte de ti‚Äù de AstraZeneca para concienciar sobre enfermedad renal cr√≥nica insuficiencia cardiaca y diabetes https://t.co/Do0uRFmjUU,https://twitter.com/NewsEdad/status/1654026144805421058,,,6/3/23 10:22,astrazeneca barcelona
2,Wed May 10 21:43:48 +0000 2023,559891963,,"https://t.co/RVfFHhUjt8
La lletra petita de la inversi√≥ de 800 MEUR d'AstraZeneca a Barcelona",https://twitter.com/JosepTraveler/status/1656414761288974336,,,6/3/23 10:22,astrazeneca barcelona
3,Thu May 04 06:27:44 +0000 2023,1.05264E+18,,"üëâ AstraZeneca instal¬∑la un autob√∫s al centre de Barcelona per detectar persones amb malalties del cor

https://t.co/N9cHGyunNS",https://twitter.com/TotBcn/status/1654009898307297301,,,6/3/23 10:22,astrazeneca barcelona
4,Wed Apr 26 11:25:02 +0000 2023,198829810,,"üë• Con Llu√≠s Torner fundador y director de ICFO

- Gonzalo de Miquel Head of the AstraZeneca Global R&ampD Hub in Barcelona

- Elisabet de los Pinos Founder &amp CEO Aura Biosciencies 

üìÖJueves 27 19h  
 üëáInscr√≠bete gratis aqu√≠ https://t.co/PofyU82B2d https://t.co/jiVaenYuDk",https://twitter.com/elperiodico/status/1651185611632508929,,,6/3/23 10:22,astrazeneca barcelona
5,Sat Apr 29 15:38:54 +0000 2023,303150193,,As√≠ ser√° el nuevo 'hub' de I+D de AstraZeneca en Barcelona @elperiodico https://t.co/WMVcquVCDt,https://twitter.com/jmferrebargallo/status/1652336666818772993,,,6/3/23 10:22,astrazeneca barcelona
6,Wed Apr 26 07:25:01 +0000 2023,198829810,,"üë• Con Llu√≠s Torner fundador y director de ICFO

- Gonzalo de Miquel Head of the AstraZeneca Global R&ampD Hub in Barcelona

- Elisabet de los Pinos Founder &amp CEO Aura Biosciencies 

üìÖJueves 27 19h  
 üëáInscr√≠bete gratis aqu√≠ https://t.co/JNboYfEqtl https://t.co/lBFiWkKi8j",https://twitter.com/elperiodico/status/1651125212891471874,,,6/3/23 10:22,astrazeneca barcelona
7,Tue Apr 25 20:25:02 +0000 2023,198829810,,"üë• Con Llu√≠s Torner fundador y director de ICFO

- Gonzalo de Miquel Head of the AstraZeneca Global R&ampD Hub in Barcelona

- Elisabet de los Pinos Founder &amp CEO Aura Biosciencies 

üìÖJueves 27 19h  
 üëáInscr√≠bete gratis aqu√≠ https://t.co/NvlVV2jBGW https://t.co/Ge7SbKSxTS",https://twitter.com/elperiodico/status/1650959119677812760,,,6/3/23 10:22,astrazeneca barcelona
8,Tue Apr 25 18:10:02 +0000 2023,198829810,,"üë• Con Llu√≠s Torner fundador y director de ICFO

- Gonzalo de Miquel Head of the AstraZeneca Global R&ampD Hub in Barcelona

- Elisabet de los Pinos Founder &amp CEO Aura Biosciencies 

üìÖJueves 27 19h  
 üëáInscr√≠bete gratis aqu√≠ https://t.co/HO9yq8jVBw https://t.co/sdbrfjAV7L",https://twitter.com/elperiodico/status/1650925146771693577,,,6/3/23 10:22,astrazeneca barcelona
9,Tue May 30 13:15:45 +0000 2023,25497028,,Apply for the QA Manager Audit - R&ampD QA Gothenburg Barcelona Mississauga open position at AstraZeneca on New Scientist Jobs today. #science #jobs https://t.co/TeTXhWbsEB,https://twitter.com/Science_Jobs/status/1663534662830915587,,,6/3/23 10:22,astrazeneca barcelona
10,Sun May 14 12:47:58 +0000 2023,106784976,,@agenersurrell L'aposta d' AstraZeneca per Barcelona a estat decisiu la familia del que va ser una refer√®ncia internacional contra el c√°ncer Josep Balselga,https://twitter.com/mapamundial1/status/1657729467878453248,,,6/3/23 10:22,astrazeneca barcelona
11,Thu Apr 27 11:10:01 +0000 2023,198829810,,"üë• Con Llu√≠s Torner fundador y director de ICFO

- Gonzalo de Miquel Head of the AstraZeneca Global R&ampD Hub in Barcelona

- Elisabet de los Pinos Founder &amp CEO Aura Biosciencies 

üìÖJueves 27 19h  
 üëáInscr√≠bete gratis aqu√≠ https://t.co/Tl6qob7Tve https://t.co/nGdUVDb7xw",https://twitter.com/elperiodico/status/1651544221872971778,,,6/3/23 10:22,astrazeneca barcelona
12,Wed May 10 21:44:55 +0000 2023,559891963,,"https://t.co/ZMyRWKjbFd
AstraZeneca contractar√† 1.000 persones a Barcelona
La companyia construir√† un 'hub' a la capital catalana",https://twitter.com/JosepTraveler/status/1656415043058106369,,,6/3/23 10:22,astrazeneca barcelona
13,Thu Apr 27 05:05:01 +0000 2023,198829810,,"üë• Con Llu√≠s Torner fundador y director de ICFO

- Gonzalo de Miquel Head of the AstraZeneca Global R&ampD Hub in Barcelona

- Elisabet de los Pinos Founder &amp CEO Aura Biosciencies 

üìÖJueves 27 19h  
 üëáInscr√≠bete gratis aqu√≠ https://t.co/9WQyM8rFYW https://t.co/QHSfsv724b",https://twitter.com/elperiodico/status/1651452366544158720,,,6/3/23 10:22,astrazeneca barcelona
14,Wed May 17 12:49:48 +0000 2023,1.61034E+18,,The next part of the #HealthRevolutionCongress has started! It‚Äôs now up to @AstraZeneca #nen and BHH‚Äôs @cpascualf on the main stage to talk about the health revolution in the age of #AI. Tune in now! üöÄ https://t.co/aIIN1hMK9J,https://twitter.com/HRC_Barcelona/status/1658817089849774080,,,6/3/23 10:22,astrazeneca barcelona
15,Wed Apr 26 18:50:02 +0000 2023,198829810,,"üë• Con Llu√≠s Torner fundador y director de ICFO

- Gonzalo de Miquel Head of the AstraZeneca Global R&ampD Hub in Barcelona

- Elisabet de los Pinos Founder &amp CEO Aura Biosciencies 

üìÖJueves 27 19h  
 üëáInscr√≠bete gratis aqu√≠ https://t.co/aEUBli9kR8 https://t.co/9Z0dj3ACB5",https://twitter.com/elperiodico/status/1651297600350322711,,,6/3/23 10:22,astrazeneca barcelona
16,Fri May 26 11:31:00 +0000 2023,1.36233E+18,,‚ÄúAstrazeneca multiplica su apuesta por Barcelona con una inversi√≥n de 800 millones2 de @newbcnpost #ConstruimBarcelona https://t.co/e6rnXi8iRV,https://twitter.com/BCN_construim/status/1662058750210109440,,,6/3/23 10:22,astrazeneca barcelona
17,Wed May 03 10:55:16 +0000 2023,3345630046,,"Hoy estamos en Barcelona presentando la campa√±a ‚ÄúEL DIAGN√ìSTICO PRECOZ PARTE DE TI‚Äù con el objetivo de concienciar sobre la importancia de la detecci√≥n precoz de la enfermedad renal cr√≥nica la insuficiencia cardiaca y la diabetes.‚ô•Ô∏è

@AstraZeneca @FEDER_ONG @FNALCER https://t.co/AvFhmitSoW",https://twitter.com/Cardioalianza/status/1653714837921202180,,,6/3/23 10:22,astrazeneca barcelona
18,Wed Apr 26 05:25:01 +0000 2023,198829810,,"üë• Con Llu√≠s Torner fundador y director de ICFO

- Gonzalo de Miquel Head of the AstraZeneca Global R&ampD Hub in Barcelona

- Elisabet de los Pinos Founder &amp CEO Aura Biosciencies 

üìÖJueves 27 19h  
 üëáInscr√≠bete gratis aqu√≠ https://t.co/nKpKtp2ZRb https://t.co/mxkXmMhtUb",https://twitter.com/elperiodico/status/1651095013164568576,,,6/3/23 10:22,astrazeneca barcelona
19,Sat Apr 01 11:45:02 +0000 2023,573644437,,AstraZeneca abrir√° otro centro de investigaci√≥n en Barcelona https://t.co/ZGnhH1nacX,https://twitter.com/salirporbarcelo/status/1642130948471889920,,,6/3/23 10:22,astrazeneca barcelona
20,Wed Apr 12 16:03:21 +0000 2023,278048661,,"ü§ù @AstraZeneca to invest ‚Ç¨800M and create 1000 new jobs in Barcelona with the largest-ever foreign R&ampD investment in Catalonia.

Read the full news hereüîó https://t.co/bDgVHyhVEA

@Catalonia_TI @accio_cat https://t.co/TvZqiTIFeB",https://twitter.com/ECHAlliance/status/1646182225518505985,,,6/3/23 10:22,astrazeneca barcelona
21,Sun Apr 16 20:00:12 +0000 2023,573644437,,AstraZeneca abrir√° otro centro de investigaci√≥n en Barcelona https://t.co/a1Fegf4BId,https://twitter.com/salirporbarcelo/status/1647691382163685376,,,6/3/23 10:22,astrazeneca barcelona
22,Sat Apr 08 08:00:02 +0000 2023,258037819,,üßëüèª‚Äçüî¨#Catalu√±a : @AstraZeneca invertir√° 800 millones de euros y crear√° 1.000 nuevos #empleos en #Barcelona. M√°s informaci√≥n en nuestro art√≠culo. https://t.co/nhWBDKw3yP @accio_cat @rogertorrent @empresacat https://t.co/oPQgExjmw8,https://twitter.com/ecom_news/status/1644611040271818752,,,6/3/23 10:22,astrazeneca barcelona
23,Wed Mar 29 08:47:40 +0000 2023,194064099,,‚ÄúAstraZeneca va a convertir Barcelona en una referencia‚Äù https://t.co/2314110hDq,https://twitter.com/soler_toni/status/1640999152233447424,,,6/3/23 10:22,astrazeneca barcelona
24,Tue Apr 25 14:10:01 +0000 2023,198829810,,"üë• Con Llu√≠s Torner fundador y director de ICFO

- Gonzalo de Miquel Head of the AstraZeneca Global R&ampD Hub in Barcelona

- Elisabet de los Pinos Founder &amp CEO Aura Biosciencies 

üìÖJueves 27 19h  
 üëáInscr√≠bete gratis aqu√≠ https://t.co/6RMfPpm9uV https://t.co/xPMgqJjuBO",https://twitter.com/elperiodico/status/1650864746328129536,,,6/3/23 10:22,astrazeneca barcelona
25,Wed Mar 29 15:32:55 +0000 2023,93649547,,"üí¨ Des de #Biocat hi participem amb el #CEO @robertfabregat que presenta dades de l'#InformeBioRegi√≥ i repassa nous equipaments i noves inversions com la d'@AstraZeneca.

üìÜ Tamb√© destaca propers esdeveniments a #Barcelona com #BioSpain2023.

""Les not√≠cies s√≥n molt bones"". https://t.co/J3sv1drKMN",https://twitter.com/biocat_cat/status/1641101134092697601,,,6/3/23 10:22,astrazeneca barcelona
26,Tue Apr 18 07:17:02 +0000 2023,27129149,,Great to be back here at #repharma2023 in Barcelona - hope you can join me as I chair the marketing track tomorrow and speak with @AstraZeneca‚Äôs Andrew Binns on Thu morning https://t.co/378cM1g3nt,https://twitter.com/PTunnah/status/1648224097569054723,,,6/3/23 10:22,astrazeneca barcelona
27,Sun Apr 09 11:00:02 +0000 2023,258037819,,ü©∫ #Catalu√±a: @AstraZeneca crear√° un cl√∫ster de #profesionales para desarrollar nuevas #terapias y atender las #necesidades sanitarias de la regi√≥n. Una acci√≥n que generar√° 1.000 nuevos #empleos en #Barcelona. An√°lisis. https://t.co/m6PpVt7p4T @accio_cat @rogertorrent @empresacat https://t.co/3dlCOOkzQD,https://twitter.com/ecom_news/status/1645018727816232960,,,6/3/23 10:22,astrazeneca barcelona
28,Sun Apr 23 06:20:05 +0000 2023,2558756016,,"#AstraZeneca invertir√° 800 millones en su centro europeo de I+D de #Barcelona y crear√° 1.000 empleos
y buscar√° nuevas terapias para sus cinco √°reas clave En su centro de #Barcelona de ensayos cl√≠nicos para enfermedades raras ya trabajan 90 profesionales.
https://t.co/IJNM2W0g3I https://t.co/1IWQrB0pGk",https://twitter.com/anahdezbonancia/status/1650021704826073089,,,6/3/23 10:22,astrazeneca barcelona
29,Tue Apr 18 15:00:13 +0000 2023,1.3419E+18,,REUTERS (Barcelona)¬†‚Äî¬†AstraZeneca is confident that its new version of COVID-19 antibody treatment could protect immunocompromised patients against all known virus variants its vaccines head said. https://t.co/rVNCWFrovr,https://twitter.com/MVNews670/status/1648340664281706502,,,6/3/23 10:22,astrazeneca barcelona
30,Thu Mar 30 09:36:11 +0000 2023,8.30095E+17,,"üîä ‚ÄúAstraZeneca obrir√† un hub a Barcelona on oferir√† 1.000 llocs de treball‚Äù diu @lljunca a @catalunyaradio #Revoluci√≥CatR√†dio

https://t.co/9Wy9EFM7x2",https://twitter.com/Revolucio4/status/1641373749118107649,,,6/3/23 10:22,astrazeneca barcelona
31,Tue Apr 18 10:24:11 +0000 2023,246751440,,"Espa√±a sigue perfil√°ndose como un ""hub"" tecnol√≥gico: AstraZeneca abrir√° 1.000 empleos en Barcelona.
https://t.co/TUAXRW8Ax7",https://twitter.com/empleo_idi/status/1648271196222357504,,,6/3/23 10:22,astrazeneca barcelona
32,Wed Apr 05 18:38:00 +0000 2023,9.6376E+17,,"AstraZeneca invertir√† 800 milions i crear√† 1.000 llocs de feina a Barcelona en cinc anys / Les xifres d‚Äôinversi√≥ estrangera a Catalunya durant el 2022 han batut nou r√®cord üëâ Ho explica @ramonrocaribo a @LaRepCat 

https://t.co/WWgZlvnvE9",https://twitter.com/LaRepCat/status/1643684427002961922,,,6/3/23 10:22,astrazeneca barcelona
33,Tue Apr 25 10:25:01 +0000 2023,198829810,,"üë• Con Llu√≠s Torner fundador y director de ICFO

- Gonzalo de Miquel Head of the AstraZeneca Global R&ampD Hub in Barcelona

- Elisabet de los Pinos Founder &amp CEO Aura Biosciencies 

üìÖJueves 27 19h  
 üëáInscr√≠bete gratis aqu√≠ https://t.co/2KrMJyEMgw https://t.co/OoNIAhCXOI",https://twitter.com/elperiodico/status/1650808122909372416,,,6/3/23 10:22,astrazeneca barcelona
34,Tue Apr 25 12:05:01 +0000 2023,198829810,,"üë• Con Llu√≠s Torner fundador y director de ICFO

- Gonzalo de Miquel Head of the AstraZeneca Global R&ampD Hub in Barcelona

- Elisabet de los Pinos Founder &amp CEO Aura Biosciencies 

üìÖJueves 27 19h  
 üëáInscr√≠bete gratis aqu√≠ https://t.co/oE1njhTZ3e https://t.co/I0tYHeLOQg",https://twitter.com/elperiodico/status/1650833288703901697,,,6/3/23 10:22,astrazeneca barcelona
35,Mon Apr 03 07:49:05 +0000 2023,1204681459,,"EL M√âS LLEGIT DE LA SETMANA 9‚É£ | La lletra petita de la inversi√≥ de 800 MEUR d'AstraZeneca a Barcelona.

Rick Su√°rez president de la companyia a Espanya vincula l'aportaci√≥ a ""l'estabilitat del pa√≠s""

Per @aleixrm 

https://t.co/rQpxg3oi2r",https://twitter.com/VIAEmpresa/status/1642796348704423937,,,6/3/23 10:22,astrazeneca barcelona
36,Sun Apr 09 15:00:01 +0000 2023,258037819,,üßëüèª‚Äçüî¨#Catalu√±a : @AstraZeneca invertir√° 800 millones de euros y crear√° 1.000 nuevos #empleos en #Barcelona. M√°s informaci√≥n en nuestro art√≠culo. https://t.co/m6PpVt7p4T @accio_cat @rogertorrent @empresacat https://t.co/bY8obmfuvc,https://twitter.com/ecom_news/status/1645079121935089669,,,6/3/23 10:22,astrazeneca barcelona
37,Mon Apr 03 13:31:16 +0000 2023,249255884,,"ü§ù M'he reunit amb @AstraZeneca per con√®ixer les activitats i inversions que preveuen fer a Catalunya els propers anys
 
üî¨ Barcelona acollir√† el hub global d'I+D #HUBAstraZeneca que crear√† un miler de llocs de treball

üìå Volem ser pioners en les ci√®ncies de la vida i la salut https://t.co/HrBKOji27j",https://twitter.com/albaverges/status/1642882458839404547,,,6/3/23 10:22,astrazeneca barcelona
38,Thu Mar 30 20:04:57 +0000 2023,9.12365E+17,,"4 - AstraZeneca va a convertir Barcelona en una referencia.
5 - Grandes empresas Agbar Naturgy o CaixaBank apoyan primera aceleradora medioambiental en el mediterr√°neo.
...Pues son noticias reales de hoy!!!",https://twitter.com/Santiag47117898/status/1641531981010706444,,,6/3/23 10:22,astrazeneca barcelona
39,Fri Mar 24 17:34:39 +0000 2023,3308093475,,#AstraZeneca invertir√° 800 millones en un 'hub' de innovaci√≥n en salud en Barcelona https://t.co/R4GXKyatS9 #PMFarma #empleo #salud via @pmfarma,https://twitter.com/Mr_C_Wadd/status/1639319833165586432,,,6/3/23 10:22,astrazeneca barcelona
40,Tue Mar 28 10:03:07 +0000 2023,69679441,,"üíâAstraZeneca invertir√† 800 M‚Ç¨ en cinc anys en el seu nou hub de Barcelona. Es tracta de la inversi√≥ en recerca m√©s gran de la hist√≤ria de Catalunya per√≤ es computar√† aqu√≠ o a Madrid (donat que √©s on AZ t√© la seu)? 
El misteri by @RigolAlbert 
https://t.co/eS1GH1Nw6R",https://twitter.com/carlotaserra/status/1640655750593671169,,,6/3/23 10:22,astrazeneca barcelona
41,Sun Mar 26 20:20:29 +0000 2023,104849271,,"#BonaNot√≠cia: inversi√≥ hist√≤rica de 800 M‚Ç¨ d‚Äô #AstraZeneca a #Barcelona. Magn√≠fica aposta per a la #biomedicina a #Catalunya !!
üëáüëáüëáüëá https://t.co/PcNtDXkrfC",https://twitter.com/ramontremosa/status/1640086340476850179,,,6/3/23 10:22,astrazeneca barcelona
42,Fri Mar 24 20:48:55 +0000 2023,244095311,,AstraZeneca tria Barcelona per obrir el nou Centre europeu d‚ÄôR+D biom√®dica ‚Äì M'agrada Catalunya https://t.co/zqMHlBl3Ud,https://twitter.com/maguivs/status/1639368720102604806,,,6/3/23 10:22,astrazeneca barcelona
43,Mon Mar 27 06:11:31 +0000 2023,1194745704,,"Inversi√≥n hist√≥rica de @AstraZeneca en #Barcelona
(800M‚Ç¨ y contrataci√≥n de 1.000 profesionales de alto nivel acad√©mico). 
Barcelona hub europeo en Ciencias de la Salud. 
Entrevista de I√±aki de las Heras a Rick Su√°rez v√≠a @LaVanguardia https://t.co/wPLqYIwJSu",https://twitter.com/agenersurrell/status/1640235077593358336,,,6/3/23 10:22,astrazeneca barcelona
44,Fri Mar 24 20:27:23 +0000 2023,1.21422E+18,,@Roberto_Montesa @ArquerodeItuero Pues AstraZeneca abre un centro de investigaci√≥n de enfermedades raras en Barcelona que crear√° 1.000 puestos de trabajo‚Ä¶,https://twitter.com/aljawarmilsim/status/1639363302504423429,,,6/3/23 10:22,astrazeneca barcelona
45,Tue Mar 28 08:41:35 +0000 2023,305816477,,AstraZeneca invertir√° 800 millones en un ‚Äòhub‚Äô de investigaci√≥n en Barcelona con mil nuevos puestos de trabajo https://t.co/Ul7u2kTP9c,https://twitter.com/rachescat/status/1640635230385045507,,,6/3/23 10:22,astrazeneca barcelona
46,Mon Mar 27 13:01:58 +0000 2023,230802392,,Some good new for Barcelona with the creation of 1000 new AstraZeneca #pharmaceutical #jobs as part of an ‚Ç¨800m #investment https://t.co/vBGVQfDkL8,https://twitter.com/PaulBeachAL/status/1640338372320284672,,,6/3/23 10:22,astrazeneca barcelona
47,Mon Mar 27 18:01:52 +0000 2023,230706367,,@agenersurrell @AstraZeneca @LaVanguardia Muy buena noticia para un padre como yo con un hijo estudiando primero del doble grado en matem√°ticas y f√≠sica y con la esperanza de que no se vea obligado en el futuro a irse de Barcelona para desarrollar su carrera laboral.,https://twitter.com/Xav_CG/status/1640413843179356185,,,6/3/23 10:22,astrazeneca barcelona
48,Mon Mar 27 06:38:45 +0000 2023,2854680832,,@agenersurrell @AstraZeneca @LaVanguardia ‚ÄúBarcelona ya es una referencia en la investigaci√≥n cl√≠nica‚Äù @CataloniaBioHT @biocat_en,https://twitter.com/montse_barcelo/status/1640241930125692929,,,6/3/23 10:22,astrazeneca barcelona
49,Mon Mar 27 09:31:33 +0000 2023,1034531058,,"A l'entrevista a Rock Suarez director d'AstraZeneca queda molt clar que la inversi√≥ est√† condicionada a ""l'estabilitat pol√≠tica"".
Rubrica insistint amb el marc territorial de Barcelona com a ciutat puntera espanyola.
I ERC i Junts aplaudint! https://t.co/JRMMQqdP4I",https://twitter.com/bashachanguerra/status/1640285418510864385,,,6/3/23 10:22,astrazeneca barcelona
50,Fri Mar 24 11:23:42 +0000 2023,2543778775,,"AstraZeneca pone en marcha un nuevo 'hub' de investigaci√≥n en Barcelona con foco en cinco √°reas: oncolog√≠a enfermedades cardiovasculares y metab√≥licas enfermedades respiratorias vacunas e inmunoterapia y enfermedades raras. 
Conoce m√°s ‚û°@EFEnoticias  https://t.co/56oAc2744R.",https://twitter.com/AstraZenecaES/status/1639226479371513856,,,6/3/23 10:22,astrazeneca barcelona
51,Fri Mar 24 10:58:39 +0000 2023,534398424,,Con una inversi√≥n de unos 800 millones de euros de aqu√≠ a 5 a√±os AstraZeneca crear√° 1.000 puestos de trabajo cient√≠ficos y de alta tecnolog√≠a en su nuevo centro europeo de I D de Barcelona: AstraZeneca invertir√° unos 800 millones de euros de... https://t.co/PUQ9EbxaaX https://t.co/eZZFb13Ads,https://twitter.com/Farmaventas/status/1639220175760392192,,,6/3/23 10:22,astrazeneca barcelona
52,Mon Mar 27 15:31:01 +0000 2023,2360669288,,AstraZeneca to create 1000 new jobs in Barcelona with the largest-ever foreign R&ampD investment in Catalonia - https://t.co/LEcmfFUv17 https://t.co/n9LbDk6stC https://t.co/tdnHX3gTqQ,https://twitter.com/StartupGrindBCN/status/1640375880223539202,,,6/3/23 10:22,astrazeneca barcelona
53,Fri Mar 24 16:53:09 +0000 2023,2435302884,,El hub d‚ÄôAstraZeneca aterra a Barcelona: 800 milions i 1.000 llocs de feina https://t.co/DnuW0dhDAu,https://twitter.com/FanaletFernando/status/1639309386068770831,,,6/3/23 10:22,astrazeneca barcelona
54,Fri Mar 24 23:27:44 +0000 2023,282282827,,AstraZeneca invertir√° 800 millones en un 'hub' de innovaci√≥n en salud en Barcelona https://t.co/lpT2DUBzir #PMFarma #empleo #salud v√≠a @pmfarma,https://twitter.com/martinjofre74/status/1639408688199868418,,,6/3/23 10:22,astrazeneca barcelona
55,Mon Mar 27 06:47:03 +0000 2023,1285894094,,"üíâ@AstraZeneca to invest ‚Ç¨800M and create 1000 new jobs in Barcelona.

üìàLargest-ever foreign R&ampD investment in Catalonia.

‚öïÔ∏èThis will help position Catalonia as one of the leading territories in Europe in Life Sciences.

üîóRead more at @Catalonia_TI https://t.co/q6quMd5P65",https://twitter.com/CataloniaPD/status/1640244019060957185,,,6/3/23 10:22,astrazeneca barcelona
56,Tue Mar 28 10:07:35 +0000 2023,2162534929,,AstraZeneca invertir√° 800 millones en un ‚Äòhub‚Äô de investigaci√≥n en Barcelona con mil nuevos puestos de trabajo https://t.co/qrtiQ2fJZe,https://twitter.com/SI_fdi/status/1640656876282028035,,,6/3/23 10:22,astrazeneca barcelona
57,Sat Mar 25 07:19:50 +0000 2023,2558756016,,"Invertir en I+D es transformar la vida de las personas
El nuevo HUB de #AstraZeneca en #Barcelona supone m√°s recursos sinergias y posibilidades de colaboraci√≥n p√∫blico-privadas para seguir investigando y buscar conjuntamente nuevas soluciones terap√©uticas
https://t.co/2U8xYxIAi0 https://t.co/fcSe3WcrxM",https://twitter.com/anahdezbonancia/status/1639527496755421185,,,6/3/23 10:22,astrazeneca barcelona
58,Fri Mar 24 12:10:52 +0000 2023,549312097,,AstraZeneca invertir√° 800 millones en un ‚Äòhub‚Äô de investigaci√≥n en Barcelona con mil nuevos puestos de trabajo https://t.co/NUwqfMZFN3 a trav√©s de @el_pais,https://twitter.com/ana_varro/status/1639238349629321217,,,6/3/23 10:22,astrazeneca barcelona
59,Fri Mar 24 07:28:58 +0000 2023,3439292716,,AstraZeneca invertir√° 800 millones en un centro de innovaci√≥n en salud en Barcelona https://t.co/hqZXMmAaZe,https://twitter.com/okdiario/status/1639167405137227776,,,6/3/23 10:22,astrazeneca barcelona
60,Thu Mar 23 18:38:39 +0000 2023,800710514,,La lletra petita de la inversi√≥ de 800 MEUR d'AstraZeneca a Barcelona https://t.co/eNRofZ2Iqj,https://twitter.com/carneisabel/status/1638973549279866880,,,6/3/23 10:22,astrazeneca barcelona
61,Thu Mar 23 20:16:18 +0000 2023,195685789,,"1.000 puestos de trabajo en un nuevo ""hub"" de investigaci√≥n: la promesa de AstraZeneca en Barcelona https://t.co/mB0MpltyZn https://t.co/loIPxENtTJ",https://twitter.com/Santiago_Sanz_L/status/1638998122117615616,,,6/3/23 10:22,astrazeneca barcelona
62,Thu Mar 23 19:26:32 +0000 2023,197523205,,AstraZeneca levantar√° un polo de innovaci√≥n y desarrollo en Barcelona con 800 millones de euros https://t.co/BovYlJh9OS a trav√©s de @merca2_es,https://twitter.com/nelapalaciosr/status/1638985599431368706,,,6/3/23 10:22,astrazeneca barcelona
63,Thu Mar 23 18:17:37 +0000 2023,468452806,,La lletra petita de la inversi√≥ de 800 MEUR d'AstraZeneca a Barcelona https://t.co/OnyPC24Hbg,https://twitter.com/ANTONIBOSCH3/status/1638968256147996672,,,6/3/23 10:22,astrazeneca barcelona
64,Thu Mar 23 15:00:01 +0000 2023,41583102,,"La farmac√®utica AstraZeneca invertir√† 800M‚Ç¨ a Barcelona per a investigaci√≥

https://t.co/TyfCdLraTu",https://twitter.com/btvnoticies/status/1638918527649304577,,,6/3/23 10:22,astrazeneca barcelona
65,Fri Mar 24 08:29:38 +0000 2023,197523205,,AstraZeneca levantar√° un polo de innovaci√≥n y desarrollo en Barcelona con 800 millones de euros https://t.co/BovYlJh9OS a trav√©s de @merca2_es,https://twitter.com/nelapalaciosr/status/1639182671682191360,,,6/3/23 10:22,astrazeneca barcelona
66,Fri Mar 24 06:49:16 +0000 2023,172097034,,"AstraZeneca to invest over $870mln in new research hub in Barcelona - Reports

https://t.co/2mYotlumjd",https://twitter.com/goachronicle/status/1639157415932485632,,,6/3/23 10:22,astrazeneca barcelona
67,Thu Mar 23 18:33:15 +0000 2023,1.56313E+18,,AstraZeneca To Invest Over $870Mln In New Research Hub In Barcelona ‚Äì¬†Reports https://t.co/bBxyrVOxGA,https://twitter.com/Emily_designer2/status/1638972189172199424,,,6/3/23 10:22,astrazeneca barcelona
68,Thu Mar 23 21:16:57 +0000 2023,1.52693E+18,,"1.000 puestos de trabajo en un nuevo ""hub"" de investigaci√≥n: la promesa de AstraZeneca en Barcelona https://t.co/GWj1DALTAF",https://twitter.com/CarlosD02933720/status/1639013385336414209,,,6/3/23 10:22,astrazeneca barcelona
69,Fri Mar 24 10:57:54 +0000 2023,460499728,,AstraZeneca invertir√° 800 millones en un centro de innovaci√≥n en salud en Barcelona: https://t.co/IdlHsbNvG1,https://twitter.com/franmacos/status/1639219983698866176,,,6/3/23 10:22,astrazeneca barcelona
70,Thu Mar 23 15:05:50 +0000 2023,7.70972E+17,,AstraZeneca levantar√° un polo de innovaci√≥n y desarrollo en Barcelona con 800 millones de euros https://t.co/929RSvv7AV,https://twitter.com/merca2_es/status/1638919994355642368,,,6/3/23 10:22,astrazeneca barcelona
71,Thu Mar 23 19:07:16 +0000 2023,1.28841E+18,,AstraZeneca To Invest Over $870Mln In New Research Hub In Barcelona ‚Äì¬†Reports https://t.co/57yGAvfKYG,https://twitter.com/life_asaan/status/1638980752506507264,,,6/3/23 10:22,astrazeneca barcelona
72,Thu Mar 23 23:01:40 +0000 2023,613815650,,Ayer se inagur√≥ la nueva Hub de Astra Zeneca en Barcelona. Fue un honor poder asistir como invitada un placer escuchar a los ponentes y disfrutar del networking y un orgullo que se haya escogido Barcelona como sede. #HUBAstraZeneca @AstraZeneca @AlexionPharma @quironsalud https://t.co/LqODu4pAfi,https://twitter.com/4kidscare/status/1639039738471653379,,,6/3/23 10:22,astrazeneca barcelona
73,Fri Mar 24 07:28:52 +0000 2023,2260051279,,AstraZeneca presenta su nuevo hub de I+D de Barcelona https://t.co/52f1jagKoh a trav√©s de @DiarioMedico @AstraZenecaES,https://twitter.com/jjorgepoveda/status/1639167379291918338,,,6/3/23 10:22,astrazeneca barcelona
74,Thu Mar 23 20:05:53 +0000 2023,1.26269E+18,,La farmac√©utica AstraZeneca invertir√° 800 millones en un centro de investigaci√≥n en Barcelona https://t.co/K9FqzoFZ9j a trav√©s de @eldiarioes,https://twitter.com/Asturika1/status/1638995502573420544,,,6/3/23 10:22,astrazeneca barcelona
75,Thu Mar 23 17:07:01 +0000 2023,8.37631E+17,,AstraZeneca contractar√† 1.000 persones en 5 anys a Barcelona per a un nou hub d'R+D https://t.co/EcqCqucDhq https://t.co/uZS71blfrX,https://twitter.com/BouAssociats/status/1638950490066272261,,,6/3/23 10:22,astrazeneca barcelona
76,Thu Mar 23 14:34:11 +0000 2023,2895024161,,"1.000 puestos de trabajo en un nuevo ""hub"" de investigaci√≥n: la promesa de AstraZeneca en Barcelona https://t.co/OHPIMfV8Ni https://t.co/xJrPywH67v",https://twitter.com/EspiralCloud/status/1638912025387761664,,,6/3/23 10:22,astrazeneca barcelona
77,Fri Mar 24 08:48:54 +0000 2023,2994378447,,"üß™‚Ää AstraZeneca tria Barcelona per obrir el nou Centre europeu d'R+D biom√®dica ‚Ää

üëÅÔ∏è üëâ https://t.co/xkLUxzR6Tv https://t.co/AHK6SWr55w",https://twitter.com/magradacat/status/1639187522138906624,,,6/3/23 10:22,astrazeneca barcelona
78,Thu Mar 23 15:02:28 +0000 2023,465977672,,El hub d‚ÄôAstraZeneca aterra a Barcelona: 800 milions i 1.000 llocs de feina https://t.co/FJtTuR0xWq,https://twitter.com/mariaevamiro/status/1638919146766213120,,,6/3/23 10:22,astrazeneca barcelona
79,Thu Mar 23 12:49:40 +0000 2023,1.25401E+18,,"1.000 puestos de trabajo en un nuevo ""hub"" de investigaci√≥n: la promesa de AstraZeneca en Barcelona https://t.co/ayAdNC0U3I https://t.co/vf2CmRQk7q",https://twitter.com/inghernandezb/status/1638885723528114176,,,6/3/23 10:22,astrazeneca barcelona
80,Thu Mar 23 11:53:57 +0000 2023,1278603306,,"1.000 puestos de trabajo en un nuevo ""hub‚Äô de investigaci√≥n: la promesa de AstraZeneca en Barcelona https://t.co/qJqDYvkdNh",https://twitter.com/VicenteAlmerich/status/1638871702301200385,,,6/3/23 10:22,astrazeneca barcelona
81,Thu Mar 23 14:23:59 +0000 2023,222954367,,AstraZeneca multiplica su apuesta por Barcelona con una inversi√≥n de 800 millones.  Los proyectos que liderar√° el nuevo centro de I+D ser√°n de √°reas como la oncolog√≠a cardiovascular enfermedades respiratorias e inmunolog√≠a vacunas y enfermedades raras. https://t.co/0RueKfJvAY,https://twitter.com/ssaborit/status/1638909462294454272,,,6/3/23 10:22,astrazeneca barcelona
82,Thu Mar 23 11:37:53 +0000 2023,88469551,,La farmac√©utica AstraZeneca invertir√° 800 millones en un ‚Äòhub‚Äô de investigaci√≥n en Barcelona con mil nuevos puestos de trabajo https://t.co/QkIFGiuCyd,https://twitter.com/gabyarocha/status/1638867658870517760,,,6/3/23 10:22,astrazeneca barcelona
83,Thu Mar 23 12:36:08 +0000 2023,1.33094E+18,,"1.000 puestos de trabajo en un nuevo ""hub‚Äô de investigaci√≥n: la promesa de AstraZeneca en Barcelona https://t.co/NV1aySTLeI",https://twitter.com/DaGeekForce/status/1638882317879111681,,,6/3/23 10:22,astrazeneca barcelona
84,Thu Mar 23 12:07:51 +0000 2023,161463629,,"1.000 puestos de trabajo en un nuevo ""hub‚Äô de investigaci√≥n: la promesa de AstraZeneca en Barcelona https://t.co/okN337ZTbV #marketingdeeventos #tecnologiaparaeventos #marketingdecontenidos #tecnologia #ElBlogDelAmigoInformatico #pc #informatica #computer #oportunidadenegocio #‚Ä¶ https://t.co/DKyOBXThsx",https://twitter.com/josegisbert/status/1638875201562882052,,,6/3/23 10:22,astrazeneca barcelona
85,Thu Mar 23 13:25:12 +0000 2023,462225773,,AstraZeneca invertir√° m√°s de 800 millones en el nuevo 'hub' internacional de Barcelona @elperiodico https://t.co/C6wlngj7f3,https://twitter.com/valenciaverguen/status/1638894666916548616,,,6/3/23 10:22,astrazeneca barcelona
86,Thu Mar 23 12:44:37 +0000 2023,403679277,,"#Tecnolog√≠a 1.000 puestos de trabajo en un nuevo ""hub"" de investigaci√≥n: la promesa de AstraZeneca en Barcelona https://t.co/b7voKs8uQ3",https://twitter.com/TecnoloInfo/status/1638884453664845824,,,6/3/23 10:22,astrazeneca barcelona
87,Thu Mar 23 13:56:25 +0000 2023,1.32615E+18,,"1.000 puestos de trabajo en un nuevo ‚Äúhub‚Äù de investigaci√≥n: la promesa de AstraZeneca en Barcelona https://t.co/ZlmZBCBrjS
#ciberseguridad #hacking #malware  #ciberespionaje #spyware #phishing #ciberbullying #sexting #ransomware",https://twitter.com/GabrielAraujoES/status/1638902523212992514,,,6/3/23 10:22,astrazeneca barcelona
88,Thu Mar 23 12:46:17 +0000 2023,9.534E+17,,El hub d‚ÄôAstraZeneca aterra a Barcelona: 800 milions i 1.000 llocs de feina... https://t.co/kdW1KRNQdd,https://twitter.com/rovigar59/status/1638884872541425665,,,6/3/23 10:22,astrazeneca barcelona
89,Thu Mar 23 13:40:10 +0000 2023,993144342,,"1.000 puestos de trabajo en un nuevo ""hub‚Äô de investigaci√≥n: la promesa de AstraZeneca en Barcelona - https://t.co/SPKO5zKfPa https://t.co/qHJjoifgau",https://twitter.com/TecnologiaPma/status/1638898432286015488,,,6/3/23 10:22,astrazeneca barcelona
90,Thu Mar 23 11:39:44 +0000 2023,261724685,,"1.000 puestos de trabajo en un nuevo ""hub‚Äô de investigaci√≥n: la promesa de AstraZeneca en Barcelona https://t.co/NEUym2wvyX",https://twitter.com/Dj_Diablito1/status/1638868125910441991,,,6/3/23 10:22,astrazeneca barcelona
91,Thu Mar 23 11:58:28 +0000 2023,1.58318E+18,,"1.000 puestos de trabajo en un nuevo ""hub‚Äô de investigaci√≥n: la promesa de AstraZeneca en Barcelona https://t.co/g9xA6Gi600",https://twitter.com/insurgente_jp/status/1638872838336831488,,,6/3/23 10:22,astrazeneca barcelona
92,Thu Mar 23 12:22:12 +0000 2023,96398464,,"1.000 puestos de trabajo en un nuevo ""hub‚Äô de investigaci√≥n: la promesa de AstraZeneca en Barcelona https://t.co/lptMZtDLEm #Tecnologia #Moviles #Xataka #Gadgets #Android #Apple https://t.co/IO0T584rOj",https://twitter.com/MarcoA_Sanchez/status/1638878811021512704,,,6/3/23 10:22,astrazeneca barcelona
93,Thu Mar 23 12:50:24 +0000 2023,8.37727E+17,,"1.000 puestos de trabajo en un nuevo ""hub"" de investigaci√≥n: la promesa de AstraZeneca en Barcelona https://t.co/Voy8VJVdmZ https://t.co/76RJUG5gmR",https://twitter.com/Comput_Planet/status/1638885908031361024,,,6/3/23 10:22,astrazeneca barcelona
94,Thu Mar 23 14:23:51 +0000 2023,1.058E+18,,AstraZeneca invertir√° 800 millones en un ‚Äòhub‚Äô de investigaci√≥n en Barcelona con mil nuevos puestos de trabajo https://t.co/oc68L0hMB5 via @el_pais,https://twitter.com/sergi_casanovas/status/1638909426382917633,,,6/3/23 10:22,astrazeneca barcelona
95,Thu Mar 23 12:46:22 +0000 2023,1270233860,,"1.000 puestos de trabajo en un nuevo ""hub"" de investigaci√≥n: la promesa de AstraZeneca en Barcelona https://t.co/ua5Yuuc9Wo",https://twitter.com/joamaresc/status/1638884894565888001,,,6/3/23 10:22,astrazeneca barcelona
96,Thu Mar 23 11:57:06 +0000 2023,2821170946,,"1.000 puestos de trabajo en un nuevo ""hub‚Äô de investigaci√≥n: la promesa de AstraZeneca en Barcelona https://t.co/nJNPWLAM5w https://t.co/l9cm7AO9D7",https://twitter.com/XatakaFeed/status/1638872497985847301,,,6/3/23 10:22,astrazeneca barcelona
97,Thu Mar 23 14:29:33 +0000 2023,168818909,,"1.000 puestos de trabajo en un nuevo ""hub"" de investigaci√≥n: la promesa de AstraZeneca en Barcelona https://t.co/BZlK2Dl21k https://t.co/3mviKxRfz4",https://twitter.com/eliasvargasm/status/1638910861933973504,,,6/3/23 10:22,astrazeneca barcelona
98,Thu Mar 23 12:17:24 +0000 2023,42477523,,"1.000 puestos de trabajo en un nuevo ""hub‚Äô de investigaci√≥n: la promesa de AstraZeneca en Barcelona",https://twitter.com/soydonsanchez/status/1638877605855363073,,,6/3/23 10:22,astrazeneca barcelona
99,Thu Mar 23 10:03:40 +0000 2023,132488147,,"üì∞@AstraZeneca multiplica la seva oferta per #Barcelona amb una inversi√≥ de 800M‚Ç¨.

La multinacional es proposa desenvolupar 15 nous f√†rmacs en la pr√≤xima d√®cada amb la posada en marxa d'un nou 'hub' de refer√®ncia mundial.
  
@LaVanguardia
üëâ 
https://t.co/coF0nJAC5L",https://twitter.com/accio_cat/status/1638843949942026241,,,6/3/23 10:22,astrazeneca barcelona
100,Thu Mar 23 08:53:39 +0000 2023,1.47143E+18,,"The Anglo-Swedish pharmaceutical giant @AstraZeneca will open a #researchHub for the development of new generation drugs in #Barcelona.

üöÄ The company will invest 800‚Ç¨ million in its new European hub and create 1.000 new jobs!",https://twitter.com/MicelabUdg/status/1638826329620742144,,,6/3/23 10:22,astrazeneca barcelona
101,Thu Mar 23 10:10:12 +0000 2023,106117335,,"üöë | AstraZeneca to open hub in Barcelona creating 1000 jobs in five years

Company to build research and development center to develop new therapies https://t.co/Lymdw64W1v",https://twitter.com/catalannews/status/1638845595417985024,,,6/3/23 10:22,astrazeneca barcelona
102,Thu Mar 23 09:30:00 +0000 2023,535707261,,"La farmac√©utica AstraZeneca invertir√° 800 millones en un centro de investigaci√≥n en Barcelona
https://t.co/nYm6x8Lwjd",https://twitter.com/eldiarioes/status/1638835475816349698,,,6/3/23 10:22,astrazeneca barcelona
103,Wed Mar 22 22:09:32 +0000 2023,7996082,,La farmac√©utica AstraZeneca invertir√° unos 800 millones de euros en el plazo de cinco a√±os para crear en Barcelona un hub de investigaci√≥n biom√©dica de referencia mundial. Se crear√°n 1.000 puestos de trabajo https://t.co/Gdt75QPo1S,https://twitter.com/el_pais/status/1638664233427816448,,,6/3/23 10:22,astrazeneca barcelona
104,Thu Mar 23 09:50:09 +0000 2023,96531036,,"üì∞ @AstraZeneca ve el potencial de Barcelona para situarse en los primeros niveles del mundo en investigaci√≥n biom√©dica.

üí¨ ‚ÄúEs la oportunidad que tiene la ciudad para atraer a m√°s compa√±√≠as y construir un ecosistema‚Äù Pascal Soriot presidente global.

En @LaVanguardia  üëá https://t.co/hVbzd8I72V",https://twitter.com/biocat_es/status/1638840547644432384,,,6/3/23 10:22,astrazeneca barcelona
105,Thu Mar 23 08:55:10 +0000 2023,218253233,,AstraZeneca invertir√° 800 millones en un ‚Äòhub‚Äô de investigaci√≥n en Barcelona con mil nuevos puestos de trabajo https://t.co/vs1hOjERD9 via @el_pais,https://twitter.com/rangeltarres/status/1638826711516352512,,,6/3/23 10:22,astrazeneca barcelona
106,Thu Mar 23 09:40:31 +0000 2023,123622674,,"La farmac√©utica AstraZeneca invertir√° unos 800 millones de euros en el plazo de cinco a√±os para crear en Barcelona un hub de investigaci√≥n biom√©dica de referencia mundial. Se crear√°n 1.000 puestos de trabajo
https://t.co/xG4d4qX8oQ",https://twitter.com/Class987FM/status/1638838125202948096,,,6/3/23 10:22,astrazeneca barcelona
107,Thu Mar 23 09:00:00 +0000 2023,1.60799E+18,,AstraZeneca contractar√† 1.000 persones en 5 anys a Barcelona per a un nou hub d'R+D. https://t.co/FDxQMUrIqy,https://twitter.com/ActEnCatala/status/1638827926044151809,,,6/3/23 10:22,astrazeneca barcelona
108,Thu Mar 23 11:23:00 +0000 2023,347121828,,"As√≠ ser√° el nuevo 'hub' de I+D de AstraZeneca en #Barcelona
https://t.co/MDOolQA36s",https://twitter.com/BancoMediolanum/status/1638863913495437312,,,6/3/23 10:22,astrazeneca barcelona
109,Thu Mar 23 11:17:42 +0000 2023,1.58081E+18,,AstraZeneca invertir√° m√°s de 800 millones en el nuevo 'hub' internacional de Barcelona @elperiodico https://t.co/rCQio9To3A,https://twitter.com/Estrigifor/status/1638862578725052416,,,6/3/23 10:22,astrazeneca barcelona
110,Thu Mar 23 11:17:08 +0000 2023,169538164,,AstraZeneca invertir√† 800 milions en cinc anys en el seu nou 'hub' de Barcelona https://t.co/rJ67t8Xl7l,https://twitter.com/diariARA/status/1638862439428292609,,,6/3/23 10:22,astrazeneca barcelona
111,Thu Mar 23 10:50:38 +0000 2023,1.43735E+18,,"√âs el projecte d'inversi√≥ estrangera en R+D m√©s gran de la hist√≤ria de #Catalunya. 

Bona not√≠cia tamb√© per a la ciutat de #Barcelona que es consolida com un pol d'atracci√≥ per a projectes d'#innovaci√≥ com aquest d'#AstraZeneca.",https://twitter.com/IvanVaque_/status/1638855768916250624,,,6/3/23 10:22,astrazeneca barcelona
112,Thu Mar 23 10:25:27 +0000 2023,1.18456E+18,,La farmac√©utica AstraZeneca invertir√° 800 millones en un centro de investigaci√≥n en Barcelona https://t.co/Vjp387alRi,https://twitter.com/TsunamiDemocra/status/1638849431167733760,,,6/3/23 10:22,astrazeneca barcelona
113,Wed Mar 22 23:04:23 +0000 2023,198829810,,AstraZeneca invertir√° m√°s de 800 millones en el nuevo 'hub' internacional de Barcelona https://t.co/iauni44JuJ,https://twitter.com/elperiodico/status/1638678035825307648,,,6/3/23 10:22,astrazeneca barcelona
114,Thu Mar 23 10:52:30 +0000 2023,504299333,,"üì¢ Bones not√≠cies per #Barcelona! @AstraZeneca contractar√† 1000 persones en 5 anys per a un nou #hub de recerca Biom√®dica. La inversi√≥ contribuir√† a refor√ßar el posicionament de Barcelona i Catalunya en l'√†mbit tecnol√≤gic i el de les ci√®ncies de la vida

üëâüèªhttps://t.co/ew2BWFaLFC",https://twitter.com/MWCapital/status/1638856238216921090,,,6/3/23 10:22,astrazeneca barcelona
115,Thu Mar 23 10:18:39 +0000 2023,222720662,,"AstraZeneca is going to open offices in Barcelona https://t.co/RayPE8yLCm

There are also AstraZeneca offices close to where I live atm.",https://twitter.com/endavid/status/1638847721111969792,,,6/3/23 10:22,astrazeneca barcelona
116,Wed Mar 22 18:07:48 +0000 2023,1.40004E+18,,"Assistim avui a la inauguraci√≥ del nou HUB internacional d'innovaci√≥ R+D d'AstraZeneca a Barcelona un macro projecte per convertir ci√®ncia en salut
que ve a enriquir encara m√©s l'ecosistema HealthTech i Biom√®dic a Catalunya #HUBAstraZeneca #innovaci√≥ https://t.co/7BwJwfFQ5S",https://twitter.com/XartecSalut/status/1638603396109221889,,,6/3/23 10:22,astrazeneca barcelona
117,Thu Mar 23 10:14:33 +0000 2023,2385134023,,AstraZeneca invertir√° 800 millones en un ‚Äòhub‚Äô de investigaci√≥n en Barcelona con mil nuevos puestos de trabajo https://t.co/BGAFyJbry2 via @el_pais,https://twitter.com/sala_ferran/status/1638846687132151808,,,6/3/23 10:22,astrazeneca barcelona
118,Thu Mar 23 11:26:07 +0000 2023,593044799,,xataka: 1.000 puestos de trabajo en un nuevo ‚Äòhub‚Äô de investigaci√≥n: la promesa de AstraZeneca en Barcelona https://t.co/yD6uSD47Cx https://t.co/fQqD3Njf1X,https://twitter.com/RamRadio7/status/1638864699503841283,,,6/3/23 10:22,astrazeneca barcelona
119,Thu Mar 23 10:31:07 +0000 2023,366071116,,"AstraZeneca invertir√° 800 millones en un ‚Äòhub‚Äô de investigaci√≥n en Barcelona con mil nuevos puestos de trabajo
 https://t.co/jPsetquD6U",https://twitter.com/elpaiscatalunya/status/1638850857340125184,,,6/3/23 10:22,astrazeneca barcelona
120,Thu Mar 23 11:07:10 +0000 2023,18200400,,1.000 puestos de trabajo en un nuevo ‚Äòhub‚Äô de investigaci√≥n: la promesa de AstraZeneca en Barcelona https://t.co/NEg9DkRwIr https://t.co/lPGzJcCT6T,https://twitter.com/xataka/status/1638859929070223360,,,6/3/23 10:22,astrazeneca barcelona
121,Thu Mar 23 09:50:09 +0000 2023,93649547,,"üì∞ @AstraZeneca veu el potencial de Barcelona per situar-se en els primers nivells del m√≥n en investigaci√≥ biom√®dica.

üí¨ ‚Äú√âs l'oportunitat que t√© la ciutat per atraure m√©s companyies i construir un ecosistema‚Äù Pascal Soriot president global d'AstraZeneca.

A @LaVanguardia  üëá https://t.co/iBe6aNAzPe",https://twitter.com/biocat_cat/status/1638840548843986946,,,6/3/23 10:22,astrazeneca barcelona
122,Thu Mar 23 08:11:19 +0000 2023,724390585,,AstraZeneca contractar√† 1.000 persones en 5 anys a Barcelona per a un nou hub d'R D https://t.co/9rXLbLFVz4,https://twitter.com/xgalindop/status/1638815674255433728,,,6/3/23 10:22,astrazeneca barcelona
123,Thu Mar 23 07:07:01 +0000 2023,18717943,,AstraZeneca invertir√° 800 millones en un 'hub' de biomedicina ubicado en Barcelona https://t.co/BcMwLow4nT,https://twitter.com/la_informacion/status/1638799494874791936,,,6/3/23 10:22,astrazeneca barcelona
124,Wed Mar 22 23:17:29 +0000 2023,7.06872E+17,,#PublicAffairs #Spain: La vicepresidenta primera en funcions de presidenta Alba Verg√©s assisteix a la presentaci√≥ del nou 'hub' global d'R+D d'AstraZeneca a Barcelona https://t.co/9tUfpCGYEm,https://twitter.com/Tia_Cotilla/status/1638681331268988928,,,6/3/23 10:22,astrazeneca barcelona
125,Thu Mar 23 00:24:02 +0000 2023,8.24943E+17,,AstraZeneca invertir√° 800 millones en su centro europeo de I+D de Barcelona https://t.co/g1zhEGtIFC a trav√©s de @elEconomistaes,https://twitter.com/joancliment2/status/1638698081674821633,,,6/3/23 10:22,astrazeneca barcelona
126,Thu Mar 23 06:19:04 +0000 2023,1204681459,,"Bon dia! La portada de VIA Empresa d'avui üì∞:

üîµ La lletra petita de la inversi√≥ de 800 MEUR d'AstraZeneca a Barcelona.
üîµ L'Energ√®tica comen√ßa a gatejar.
üîµ La proximitat digital per Josep Maria Ganyet.

https://t.co/SR7JNGwWV1 https://t.co/5typH3JgFl",https://twitter.com/VIAEmpresa/status/1638787427958415362,,,6/3/23 10:22,astrazeneca barcelona
127,Thu Mar 23 08:40:08 +0000 2023,465049798,,"Es el proyecto de inversi√≥n extranjera m√°s cuantioso hecho en I+D en Catalunya: AstraZeneca destinar√° 800 millones de euros para contratar a 1000 personas que investiguen y desarrollen soluciones y tratamientos m√©dicos desde Barcelona para todo el mundo

https://t.co/ZqRYKJ5z5r",https://twitter.com/pauuclemente/status/1638822929570906112,,,6/3/23 10:22,astrazeneca barcelona
128,Thu Mar 23 07:21:52 +0000 2023,236807336,,"El hub d‚ÄôAstraZeneca aterra a Barcelona: 800 milions i 1.000 llocs de feina.
https://t.co/EGI1y8KgEl",https://twitter.com/Juanal_47/status/1638803229755723777,,,6/3/23 10:22,astrazeneca barcelona
129,Thu Mar 23 07:02:27 +0000 2023,381947234,,AstraZeneca instal¬∑lar√† a Barcelona el seu centre de recerca i innovaci√≥ m√©s gran a Europa. Ho explica @LaiaColome #inforac1 https://t.co/CdzGIDg4VI,https://twitter.com/infoRAC1/status/1638798344972795906,,,6/3/23 10:22,astrazeneca barcelona
130,Thu Mar 23 06:11:50 +0000 2023,18133020,,Les instal¬∑lacions d‚ÄôAstraZeneca a Barcelona impulsaran entre d‚Äôaltres la ci√®ncia de les dades https://t.co/cmLECzkvAj,https://twitter.com/jordigraells/status/1638785607450365955,,,6/3/23 10:22,astrazeneca barcelona
131,Thu Mar 23 07:01:12 +0000 2023,14088938,,"AstraZeneca crear√† un hub a Barcelona: 800 milions d'euros i uns 1.000 llocs de feina en cinc anys
https://t.co/e29mWaK9CM",https://twitter.com/naciodigital/status/1638798029158494209,,,6/3/23 10:22,astrazeneca barcelona
132,Thu Mar 23 07:54:37 +0000 2023,70525013,,As√≠ ser√° el nuevo 'hub' de I+D de AstraZeneca en Barcelona https://t.co/0o4YDhr3qi,https://twitter.com/laprovincia_es/status/1638811473907695616,,,6/3/23 10:22,astrazeneca barcelona
133,Thu Mar 23 08:14:10 +0000 2023,246203903,,El hub d‚ÄôAstraZeneca aterra a Barcelona: 800 milions i 1.000 llocs de feina https://t.co/56WItzt4zL,https://twitter.com/rmorancho/status/1638816394828472321,,,6/3/23 10:22,astrazeneca barcelona
134,Thu Mar 23 06:28:40 +0000 2023,144276537,,"La farmac√®utica AstraZeneca invertir√† 800 milions d'euros en un nou centre de recerca a Barcelona

Han anunciat 1000 llocs de feina

https://t.co/SiDqMUPzAn",https://twitter.com/jandreupalacios/status/1638789844703887361,,,6/3/23 10:22,astrazeneca barcelona
135,Thu Mar 23 07:31:09 +0000 2023,106024136,,AstraZeneca invertir√° m√°s de 800 millones en el nuevo 'hub' internacional de Barcelona @elperiodico https://t.co/Ld7aTOgvZT,https://twitter.com/lfilella/status/1638805568398798849,,,6/3/23 10:22,astrazeneca barcelona
136,Thu Mar 23 07:45:02 +0000 2023,1321804148,,AstraZeneca crea un hub en Barcelona con una inversi√≥n de unos 800 millones de euros en cinco a√±os https://t.co/HVOt2oAOur,https://twitter.com/IMMedicoHosp/status/1638809060358356992,,,6/3/23 10:22,astrazeneca barcelona
137,Thu Mar 23 08:45:27 +0000 2023,8330472,,"La farmac√®utica anglosueca Astrazeneca obrir√† un centre d‚ÄôR+D a Barcelona amb una inversi√≥ de 800 milions d'euros 
https://t.co/cPfogPUBVN",https://twitter.com/324cat/status/1638824264173518848,,,6/3/23 10:22,astrazeneca barcelona
138,Thu Mar 23 07:42:07 +0000 2023,1.30289E+18,,Astrazeneca set to open a Research and Development centre in Barcelona with an ‚Ç¨800m investment and creating upward of 1000 jobs,https://twitter.com/JamietheColes/status/1638808327873347584,,,6/3/23 10:22,astrazeneca barcelona
139,Thu Mar 23 00:09:06 +0000 2023,222954367,,üîùüîùüîù AstraZeneca multiplica su apuesta por #Barcelona con una inversi√≥n de 800 millones.  La farmac√©utica pondr√° en marcha un nuevo 'hub' de referencia mundial y contratar√° 1.000 trabajadores en los pr√≥ximos cinco a√±os. @AstraZeneca https://t.co/0RueKfJvAY,https://twitter.com/ssaborit/status/1638694320025812994,,,6/3/23 10:22,astrazeneca barcelona
140,Thu Mar 23 01:26:31 +0000 2023,3360460217,,"AstraZeneca contractar√† 1.000 persones en 5 anys a Barcelona per a un nou hub d'R+D
https://t.co/sEs9PfxpbR",https://twitter.com/Mos45M/status/1638713805881372675,,,6/3/23 10:22,astrazeneca barcelona
141,Thu Mar 23 07:14:37 +0000 2023,117397549,,AstraZeneca contractar√† 1.000 persones en 5 anys a Barcelona per a un nou hub d'R+D https://t.co/JZyIk1itgc,https://twitter.com/catalunyavalley/status/1638801406835453952,,,6/3/23 10:22,astrazeneca barcelona
142,Wed Mar 22 22:15:00 +0000 2023,18577646,,üëâ El centre que AstraZeneca instal¬∑lar√† a Barcelona ser√† un dels m√©s importants de la farmac√®utica a Europa en innovaci√≥ i recerca https://t.co/NuL9LY8ihJ,https://twitter.com/rac1/status/1638665607280492548,,,6/3/23 10:22,astrazeneca barcelona
143,Wed Mar 22 21:24:22 +0000 2023,198829810,,As√≠ ser√° el nuevo 'hub' de I+D de AstraZeneca en Barcelona https://t.co/88uDunXdtl,https://twitter.com/elperiodico/status/1638652865949630464,,,6/3/23 10:22,astrazeneca barcelona
144,Wed Mar 22 21:23:25 +0000 2023,3342507880,,Another #Brexit win The Anglo-Swedish giant AstraZeneca has chosen Barcelona to build a significant R&ampD hub to develop new therapies and will create 1000 new jobs in the next 5 yrs The global CEO Pascal Soriot announced the company's investment plans in Spain for 2025.,https://twitter.com/KevinAn48751902/status/1638652627067043842,,,6/3/23 10:22,astrazeneca barcelona
145,Wed Mar 22 22:09:32 +0000 2023,7996082,,La farmac√©utica AstraZeneca invertir√° unos 800 millones de euros en el plazo de cinco a√±os para crear en Barcelona un hub de investigaci√≥n biom√©dica de referencia mundial. Se crear√°n 1.000 puestos de trabajo https://t.co/Gdt75QPo1S,https://twitter.com/el_pais/status/1638664233427816448,,,6/3/23 10:22,astrazeneca barcelona
146,Wed Mar 22 20:59:26 +0000 2023,915081494,,AstraZeneca invertir√† 800 milions d‚Äôeuros en el hub d‚Äôinnovaci√≥ global que crear√† a Barcelona https://t.co/Yjhw5G4Ctu,https://twitter.com/LaManyanacat/status/1638646592843464704,,,6/3/23 10:22,astrazeneca barcelona
147,Wed Mar 22 22:15:57 +0000 2023,1.05298E+18,,AstraZeneca invertir√° m√°s de 800 millones en el nuevo 'hub' internacional de Barcelona https://t.co/gZhR5rqLfA,https://twitter.com/ActivosEPE/status/1638665847152709632,,,6/3/23 10:22,astrazeneca barcelona
148,Wed Mar 22 23:14:37 +0000 2023,393310277,,"Gran not√≠cia per la #BioRegi√≥: @AstraZeneca aposta pel hub d'R+D a Barcelona!

üë©‚Äçüî¨ 1000 llocs de treball
üí∞ 800M‚Ç¨ d'inversi√≥ en 5 anys
üß¨ √Ärees: oncologia malalties rares cardiovasculars metab√≤liques i respirat√≤ries vacunes i immunoter√†pia

@biocat_cat https://t.co/LuSuwfx6vN",https://twitter.com/robertfabregat/status/1638680609097744384,,,6/3/23 10:22,astrazeneca barcelona
149,Wed Mar 22 21:25:54 +0000 2023,42097985,,"Hoy ha sido un d√≠a importante para #Barcelona:

üåç La farmac√©utica #AstraZeneca¬†invertir√° 800 millones ‚Ç¨ en un¬†hub¬†de #investigaci√≥n biom√©dica de referencia mundial que crear√° 1.000 puestos de trabajo.

A seguir sumando üöÄ 

https://t.co/AHihVLVZfG",https://twitter.com/PauSolanilla/status/1638653251737337858,,,6/3/23 10:22,astrazeneca barcelona
150,Wed Mar 22 22:43:35 +0000 2023,1.58522E+18,,üíä AstraZeneca invertir√° 800 millones para crer un centro en I+D en la Barcelona en los pr√≥ximos cinco a√±os https://t.co/soW4PWZWHg,https://twitter.com/ON_Economia/status/1638672802558656512,,,6/3/23 10:22,astrazeneca barcelona
151,Wed Mar 22 23:06:49 +0000 2023,348751829,,Aix√≠ ser√† el nou ‚Äòhub‚Äô d‚ÄôR+D d‚ÄôAstraZeneca a Barcelona https://t.co/Zc8vTNLPIL,https://twitter.com/elperiodico_cat/status/1638678649732988928,,,6/3/23 10:22,astrazeneca barcelona
152,Wed Mar 22 21:37:10 +0000 2023,1.33712E+18,,Despr√©s d‚Äôanunciar que la seva biofarmac√®utica Alexion obriria un centre d‚Äôassajos cl√≠nics relacionats amb malalties rares a la capital catalana AstraZeneca instal¬∑lar√† un nou centre d‚ÄôI+D a Barcelona on contractar√† 1.000 persones @elperiodico_cat https://t.co/hBxO6QggJX,https://twitter.com/FlechaCat/status/1638656088156385282,,,6/3/23 10:22,astrazeneca barcelona
153,Wed Mar 22 23:04:23 +0000 2023,198829810,,AstraZeneca invertir√° m√°s de 800 millones en el nuevo 'hub' internacional de Barcelona https://t.co/iauni44JuJ,https://twitter.com/elperiodico/status/1638678035825307648,,,6/3/23 10:22,astrazeneca barcelona
154,Wed Mar 22 22:20:31 +0000 2023,1.59506E+18,,üíä AstraZeneca invertir√† 800 milions per a crer un centre en I+D a la Barcelona en els propers cinc anys https://t.co/5amDBzAA5I,https://twitter.com/on_economia_cat/status/1638666995368628224,,,6/3/23 10:22,astrazeneca barcelona
155,Wed Mar 22 22:23:50 +0000 2023,9.09068E+17,,"AstraZeneca invertir√° 800 millones en un ‚Äòhub‚Äô de investigaci√≥n en Barcelona con mil nuevos puestos de trabajo.

El a√±o pasado la compa√±√≠a inaugur√≥ junto con su filial Alexion un centro de ensayos cl√≠nicos para enfermedades raras...
EL PA√çS
https://t.co/UBMDsuhlau",https://twitter.com/BarderasSa/status/1638667831423254530,,,6/3/23 10:22,astrazeneca barcelona
156,Wed Mar 22 21:16:23 +0000 2023,2341688515,,#Badalona AstraZeneca invertir√° 800 millones en un 'hub' de innovaci√≥n en salud en Barcelona https://t.co/3oeexi4TSu,https://twitter.com/Badalonadomici/status/1638650856630525952,,,6/3/23 10:22,astrazeneca barcelona
157,Wed Mar 22 21:05:25 +0000 2023,101258274,,AstraZeneca invertir√° 800 millones en un ‚Äòhub‚Äô de investigaci√≥n en Barcelona con mil nuevos puestos de trabajo https://t.co/vFuXk9LTrR,https://twitter.com/nacho_fariza/status/1638648097944248324,,,6/3/23 10:22,astrazeneca barcelona
158,Wed Mar 22 21:30:20 +0000 2023,412851977,,Se trata del proyecto de inversi√≥n extranjera en I+D m√°s grande de la historia de Catalunya. AstraZeneca invertir√° m√°s de 800 millones en el nuevo 'hub' internacional de Barcelona @elperiodico https://t.co/QBH9EMG14H,https://twitter.com/R_Flecha/status/1638654368001007619,,,6/3/23 10:22,astrazeneca barcelona
159,Wed Mar 22 21:02:48 +0000 2023,455271894,,As√≠ ser√° el nuevo 'hub' de I+D de AstraZeneca en Barcelona https://t.co/CSnHslhUZS via @laprovincia_es,https://twitter.com/RosaMariaS1/status/1638647438381842432,,,6/3/23 10:22,astrazeneca barcelona
160,Wed Mar 22 21:20:44 +0000 2023,405651523,,AstraZeneca contractar√† 1.000 persones en 5 anys a Barcelona per a un nou hub d'R D https://t.co/2UwbSM1N5Q,https://twitter.com/xduran_e/status/1638651949674377217,,,6/3/23 10:22,astrazeneca barcelona
161,Wed Mar 22 20:56:02 +0000 2023,348751829,,AstraZeneca invertir√† m√©s de 800 milions en el nou ‚Äòhub‚Äô internacional de Barcelona https://t.co/bnic18EQnu,https://twitter.com/elperiodico_cat/status/1638645733149798401,,,6/3/23 10:22,astrazeneca barcelona
162,Wed Mar 22 19:44:30 +0000 2023,188725330,,#UniBarcelona | La directora del @PCB_UB @mterrades1 ha intervingut a la presentaci√≥ del nou HUB I+D Barcelona d'Astrazeneca explicant el paper cabdal del Parc en el nou Eix Salut Diagonal que estem desenvolupant üëáüèº,https://twitter.com/UniBarcelona/status/1638627731226382336,,,6/3/23 10:22,astrazeneca barcelona
163,Wed Mar 22 20:36:00 +0000 2023,229001251,,"#ElBistur√≠ ‚úíÔ∏è | El 'hijo peque√±o' de Astrazeneca da sus primeros frutos en Barcelona

https://t.co/Q030Wd2qMx",https://twitter.com/redaccionmedica/status/1638640692238123008,,,6/3/23 10:22,astrazeneca barcelona
164,Wed Mar 22 20:39:10 +0000 2023,501012305,,As√≠ ser√° el nuevo 'hub' de I+D de AstraZeneca en Barcelona https://t.co/LbuSgyDEC1,https://twitter.com/EPeconomia_cas/status/1638641489646596096,,,6/3/23 10:22,astrazeneca barcelona
165,Wed Mar 22 20:45:09 +0000 2023,106117335,,"üé• AstraZeneca to open hub in Barcelona creating 1000 jobs in five years

The hub ""gives the world an image of Catalonia as a prepared capable and attractive hub to receive investments of this type"" business minister @rogertorrent said

https://t.co/Lymdw64W1v https://t.co/uhafX8Cwwc",https://twitter.com/catalannews/status/1638642996643246082,,,6/3/23 10:22,astrazeneca barcelona
166,Wed Mar 22 20:20:00 +0000 2023,41583102,,"AstraZeneca preveu invertir 800M‚Ç¨ en 5 anys a Barcelona per a investigaci√≥

https://t.co/TyfCdLraTu",https://twitter.com/btvnoticies/status/1638636666234580997,,,6/3/23 10:22,astrazeneca barcelona
167,Wed Mar 22 20:04:51 +0000 2023,302495603,,El hub d‚ÄôAstraZeneca aterra a Barcelona: 800 milions i 1.000 llocs de feina https://t.co/NXGZxd306M,https://twitter.com/CuberoLuis/status/1638632856401354755,,,6/3/23 10:22,astrazeneca barcelona
168,Wed Mar 22 20:29:28 +0000 2023,9.11694E+17,,"AstraZeneca invertir√° 800 millones en un ‚Äòhub‚Äô de investigaci√≥n en Barcelona con mil nuevos puestos de trabajo

https://t.co/uiP2Wen6To",https://twitter.com/123_INFO_ES/status/1638639050054840320,,,6/3/23 10:22,astrazeneca barcelona
169,Wed Mar 22 19:48:48 +0000 2023,249255884,,"üî¨ Avui @AstraZeneca presenta el seu nou hub global d'I+D a Barcelona #HUBAstraZeneca que crear√† un miler de llocs de treball

üß™ Un espai per transformar la ci√®ncia en salut millorar la vida dels pacients i que ser√† una pe√ßa clau del nostre ecosistema de recerca

Enhorabona! https://t.co/R5L8z4iGTU",https://twitter.com/albaverges/status/1638628813687988260,,,6/3/23 10:22,astrazeneca barcelona
170,Wed Mar 22 20:00:24 +0000 2023,366071116,,AstraZeneca invertir√° 800 millones en un ‚Äòhub‚Äô de investigaci√≥n en Barcelona con mil nuevos puestos de trabajo https://t.co/Wnh1yPXJwm,https://twitter.com/elpaiscatalunya/status/1638631735435882496,,,6/3/23 10:22,astrazeneca barcelona
171,Wed Mar 22 20:18:02 +0000 2023,12723412,,Inversi√≥ de 800 milions d‚ÄôAstraZeneca per un ‚Äòhub‚Äù de recerca a Barcelona https://t.co/3ezKXd0C19,https://twitter.com/elpuntavui/status/1638636173580177408,,,6/3/23 10:22,astrazeneca barcelona
172,Wed Mar 22 20:38:44 +0000 2023,128587123,,"Bona not√≠cia d‚Äôocupaci√≥ i coneixement:
AstraZeneca preveu contractar 1.000 persones especialitzades en R+D en els pr√≤xims cinc anys al nou hub de Barcelona. https://t.co/1d20Mk0L6s",https://twitter.com/oriolamat/status/1638641381269979138,,,6/3/23 10:22,astrazeneca barcelona
173,Wed Mar 22 20:46:53 +0000 2023,14088938,,"AstraZeneca crear√† un hub a Barcelona: 800 milions d'euros i 1.000 llocs de feina en cinc anys
https://t.co/e29mWaK9CM",https://twitter.com/naciodigital/status/1638643432221704192,,,6/3/23 10:22,astrazeneca barcelona
174,Wed Mar 22 20:29:02 +0000 2023,8.43758E+17,,AstraZeneca will invest 800 million in a research ‚Äòcentre‚Äô in Barcelona with a thousand new¬†jobs https://t.co/0QmM5uRm12,https://twitter.com/nyznews/status/1638638941086818304,,,6/3/23 10:22,astrazeneca barcelona
175,Wed Mar 22 20:18:04 +0000 2023,68441909,,As√≠ ser√° el nuevo 'hub' de I+D de AstraZeneca en Barcelona https://t.co/DbLvcYcVV9,https://twitter.com/diariomallorca/status/1638636181054455808,,,6/3/23 10:22,astrazeneca barcelona
176,Wed Mar 22 18:40:45 +0000 2023,3062275577,,"Esta tarde @mterrades1 directora del #PCB_UB participa en la presentaci√≥n del #HUBAstraZeneca en el marco del encuentro  institucional ""Transformando la ciencia en salud""

@AstraZenecaES @AstraZeneca @govern @bcn_ajuntament @CienciaGob https://t.co/osMEaGk2Zh",https://twitter.com/PCB_UB/status/1638611688512430088,,,6/3/23 10:22,astrazeneca barcelona
177,Wed Mar 22 20:45:47 +0000 2023,303321319,,As√≠ ser√° el nuevo 'hub' de I+D de AstraZeneca en Barcelona https://t.co/0jv8G4eiCt,https://twitter.com/politica_lp/status/1638643156416868352,,,6/3/23 10:22,astrazeneca barcelona
178,Wed Mar 22 20:04:30 +0000 2023,1.05264E+18,,"üî∑ El hub d‚ÄôAstraZeneca aterra a Barcelona: 800 milions i 1.000 llocs de feina

‚úçÔ∏è @catarineu_julia 

https://t.co/Ad0YZUVixc",https://twitter.com/TotBcn/status/1638632764844158980,,,6/3/23 10:22,astrazeneca barcelona
179,Wed Mar 22 20:00:01 +0000 2023,1.51969E+18,,"üíä El hub d'AstraZeneca aterra a Barcelona: 800 milions i 1.000 llocs de feina

‚úçÔ∏èüèªper @catarineu_julia 

https://t.co/9IDKnBigMZ",https://twitter.com/toteconomia/status/1638631637800960002,,,6/3/23 10:22,astrazeneca barcelona
180,Wed Mar 22 20:18:37 +0000 2023,14088938,,AstraZeneca invertir√† 800 milions d'euros en el hub d'innovaci√≥ global que crear√† a Barcelona https://t.co/AZZp7mO2Q0 https://t.co/3zEjqTo1oE,https://twitter.com/naciodigital/status/1638636318812172290,,,6/3/23 10:22,astrazeneca barcelona
181,Wed Mar 22 20:40:27 +0000 2023,501019349,,Aix√≠ ser√† el nou ‚Äòhub‚Äô d‚ÄôR+D d‚ÄôAstraZeneca a Barcelona https://t.co/vbWGX2iHDe,https://twitter.com/EPeconomia_cat/status/1638641812209537024,,,6/3/23 10:22,astrazeneca barcelona
182,Wed Mar 22 20:29:47 +0000 2023,501019349,,AstraZeneca invertir√† m√©s de 800 milions en el nou ‚Äòhub‚Äô internacional de Barcelona https://t.co/lFqOinPwOS,https://twitter.com/EPeconomia_cat/status/1638639128266051584,,,6/3/23 10:22,astrazeneca barcelona
183,Wed Mar 22 18:25:34 +0000 2023,166507237,,AstraZeneca invertir√° 800 millones en su centro europeo de I+D de Barcelona https://t.co/c2U3bC9xef,https://twitter.com/elEconomistaes/status/1638607869754109952,,,6/3/23 10:22,astrazeneca barcelona
184,Wed Mar 22 18:37:58 +0000 2023,1501975164,,"As√≠ ser√° la nueva apuesta de AstraZeneca por Barcelona en I+D
https://t.co/1mhN8A0PWH",https://twitter.com/elEconomistaCat/status/1638610990479581193,,,6/3/23 10:22,astrazeneca barcelona
185,Wed Mar 22 17:00:02 +0000 2023,1.23279E+18,,üî¥EN DIRECTO: Farmac√©utica #AstraZeneca presenta su HUB de I+D ubicado en #Barcelona #Espa√±a https://t.co/fvbCneWsv4,https://twitter.com/AYREVenezuela1/status/1638586343285563400,,,6/3/23 10:22,astrazeneca barcelona
186,Wed Mar 22 18:41:24 +0000 2023,2543778775,,‚ÄúThis new hub in Barcelona of course will be very important for us it is the first time that AstraZeneca and Alexion work together on the same hub‚Äù Stefan Woxstr√∂m SVP Europe &amp Canada @AstraZeneca #HUBAstraZeneca https://t.co/3YivozfJ1Y,https://twitter.com/AstraZenecaES/status/1638611851628912652,,,6/3/23 10:22,astrazeneca barcelona
187,Wed Mar 22 15:17:04 +0000 2023,7.06872E+17,,#PublicAffairs #Spain: La vicepresidenta primera en funcions de presidenta Alba Verg√©s assisteix a la presentaci√≥ del nou HUB global d'R+D d'AstraZeneca a Barcelona https://t.co/yfDx79b3MZ,https://twitter.com/Tia_Cotilla/status/1638560433136189442,,,6/3/23 10:22,astrazeneca barcelona
188,Wed Mar 22 08:36:10 +0000 2023,215662498,,AstraZeneca  en Barcelona con un ‚Äòhub‚Äô de #nuevas terapias https://t.co/4pIA0DTGo8,https://twitter.com/marietaorea/status/1638459540084609027,,,6/3/23 10:22,astrazeneca barcelona
189,Wed Mar 22 19:29:09 +0000 2023,501012305,,AstraZeneca invertir√° m√°s de 800 millones en el nuevo 'hub' internacional de Barcelona https://t.co/jI314GSQth,https://twitter.com/EPeconomia_cas/status/1638623868402413568,,,6/3/23 10:22,astrazeneca barcelona
190,Wed Mar 22 17:44:49 +0000 2023,318046235,,HOLA @AstraZeneca ! Barcelona est√† d‚Äôenhorabona i d√≥na la benvinguda al #HUBAstraZeneca centre d‚ÄôR&ampD global que transformar√† la ci√®ncia en salut invertint +800M‚Ç¨ creant +1000 llocs de treball d‚Äôalt nivell. Magn√≠fica not√≠cia pel conjunt del sistema d‚ÄôR+D+i üëèüèº @recercauniscat https://t.co/dwDRHfk4ZU,https://twitter.com/LaiaArnal/status/1638597615653715974,,,6/3/23 10:22,astrazeneca barcelona
191,Wed Mar 22 17:27:13 +0000 2023,1283489900,,Increible lo que AstraZeneca har√° en el HUB I+D de Barcelona #HUBAstraZenca https://t.co/Tuo17NKamL,https://twitter.com/eaurinp/status/1638593182903541779,,,6/3/23 10:22,astrazeneca barcelona
192,Wed Mar 22 18:49:15 +0000 2023,231484647,,AstraZeneca invertir√° 800 millones en un 'hub' de innovaci√≥n en salud en Barcelona en los pr√≥ximos cinco a√±os https://t.co/zs7GzZJvjG,https://twitter.com/EPCatalunya/status/1638613828375134210,,,6/3/23 10:22,astrazeneca barcelona
193,Wed Mar 22 06:02:57 +0000 2023,2570990249,,Esteu contents que AstraZeneca posi una delegaci√≥ de Barcelona. Una empresa responsable del que sabem? Potser √©s que no l‚Äôhan volgut enlloc m√©s? I no diguem res?,https://twitter.com/kanen49/status/1638420984331112451,,,6/3/23 10:22,astrazeneca barcelona
194,Wed Mar 22 19:29:57 +0000 2023,1602818168,,AstraZeneca invertir√° 800 millones en un 'hub' de innovaci√≥n en salud en Barcelona. https://t.co/JRq97FQL7I,https://twitter.com/TheObjective_es/status/1638624069691273216,,,6/3/23 10:22,astrazeneca barcelona
195,Wed Mar 22 17:51:18 +0000 2023,2543778775,,Adem√°s Gonzalo de Miquel VP Clinical Development @AlexionPharma and Head of the Barcelona @AstraZeneca R&ampD site a√±ade que este equipo que va a formar el #HUBAstraZeneca cuenta con talento de distintas ramas cient√≠ficas y tecnol√≥gicas siendo muy diverso https://t.co/narC4P8pmH,https://twitter.com/AstraZenecaES/status/1638599247330156551,,,6/3/23 10:22,astrazeneca barcelona
196,Wed Mar 22 17:49:50 +0000 2023,2543778775,,Gonzalo de Miquel VP Clinical Development @AlexionPharma and Head of the Barcelona @AstraZeneca R&ampD site se√±ala que ‚Äúvamos a incorporar 1.000 empleados en este #HUBAstraZeneca‚Äù https://t.co/XZelNcwJTK,https://twitter.com/AstraZenecaES/status/1638598875198922763,,,6/3/23 10:22,astrazeneca barcelona
197,Wed Mar 22 19:28:33 +0000 2023,586194681,,AstraZeneca invertir√° m√°s de 800 millones en el nuevo 'hub' internacional de Barcelona https://t.co/N8oEA3RoJH,https://twitter.com/SucasaInmob/status/1638623719458480128,,,6/3/23 10:22,astrazeneca barcelona
198,Wed Mar 22 19:12:31 +0000 2023,1.58522E+18,,AstraZeneca invertir√° 800 millones en un 'hub' de innovaci√≥n en salud en Barcelona https://t.co/cInL0I5Duz,https://twitter.com/ON_Economia/status/1638619682700664852,,,6/3/23 10:22,astrazeneca barcelona
199,Wed Mar 22 19:06:35 +0000 2023,9.72133E+17,,Noticia de hoy: AstraZeneca invertir√° 800 millones en un 'hub' de innovaci√≥n en salud en Barcelona - https://t.co/HeIu2OwAjC,https://twitter.com/NoticiasDeEs/status/1638618189838819329,,,6/3/23 10:22,astrazeneca barcelona
200,Wed Mar 22 18:07:48 +0000 2023,1.40004E+18,,"Assistim avui a la inauguraci√≥ del nou HUB internacional d'innovaci√≥ R+D d'AstraZeneca a Barcelona un macro projecte per convertir ci√®ncia en salut
que ve a enriquir encara m√©s l'ecosistema HealthTech i Biom√®dic a Catalunya #HUBAstraZeneca #innovaci√≥ https://t.co/7BwJwfFQ5S",https://twitter.com/XartecSalut/status/1638603396109221889,,,6/3/23 10:22,astrazeneca barcelona
201,Wed Mar 22 17:35:12 +0000 2023,262606630,,"La companyia AstraZeneca presenta aquesta tarda a Barcelona el seu nou hub europeu d‚ÄôR+D a la capital catalana. Suposar√† una inversi√≥ d‚Äôuns 800 milions d'euros en 5 anys i la creaci√≥ de 1.000 llocs de treball. En parlem amb una de les seves directores 

https://t.co/PhN8HE2RVO https://t.co/BVStXeZqLx",https://twitter.com/Catinformacio/status/1638595192067432449,,,6/3/23 10:22,astrazeneca barcelona
202,Wed Mar 22 19:12:32 +0000 2023,1.59506E+18,,AstraZeneca invertir√† 800 milions en un 'hub' d'innovaci√≥ en salut a Barcelona https://t.co/K8JUP8mgN4,https://twitter.com/on_economia_cat/status/1638619688199397405,,,6/3/23 10:22,astrazeneca barcelona
203,Wed Mar 22 01:04:32 +0000 2023,155887072,,"De enhorabuena!
#Catalunya atrae inversiones: #AstraZeneca crear√° 1.000 lugares d trabajo en #Barcelona la apuesta m√°s grande en la historia d nuestro pa√≠s en I+D

Un proyecto l√≠der q cuenta con el @govern y nos situa com territorio clave en el √°mbito sanitario

#CatalunyaAlM√≥n",https://twitter.com/LleirDaban/status/1638345884139134976,,,6/3/23 10:22,astrazeneca barcelona
204,Tue Mar 21 17:15:00 +0000 2023,1.13407E+18,,"La companyia AstraZeneca preveu contractar 1.000 persones en els pr√≤xims cinc anys al nou 'hub' que obrir√† a Barcelona

https://t.co/OpLiLrvUz8",https://twitter.com/diaridebcn/status/1638227722244595746,,,6/3/23 10:22,astrazeneca barcelona
205,Tue Mar 21 18:55:05 +0000 2023,425724562,,HUB de R+D @AstraZeneca Barcelona!,https://twitter.com/CesarVelascoMun/status/1638252909048524850,,,6/3/23 10:22,astrazeneca barcelona
206,Tue Mar 21 20:18:56 +0000 2023,103405165,,AstraZeneca contractar√† 1.000 persones a Barcelona https://t.co/f2SysdTeL9,https://twitter.com/smujal/status/1638274009748983828,,,6/3/23 10:22,astrazeneca barcelona
207,Tue Mar 21 16:19:30 +0000 2023,218583772,,Gran not√≠cia que @AstraZeneca esculli Barcelona per instal¬∑lar un hub de recerca i desenvolupament que suposar√† la creaci√≥ de 1.000 llocs de treball. Catalunya t√© actius i capacitat per liderar l‚Äô√†mbit de les ci√®ncies de la vida a Europa i anuncis com aquest en s√≥n un exemple.,https://twitter.com/rogertorrent/status/1638213756403564544,,,6/3/23 10:22,astrazeneca barcelona
208,Tue Mar 21 19:43:31 +0000 2023,1283489900,,AstraZeneca instalar√° un nuevo centro de i+D de Barcelona en el que contratar√° a 1.000 personas #innovation #saluddigital https://t.co/FaU2uAYcmO,https://twitter.com/eaurinp/status/1638265098790744064,,,6/3/23 10:22,astrazeneca barcelona
209,Tue Mar 21 13:00:56 +0000 2023,12824222,,"Catalunya continua atraient inversions: AstraZeneca crear√† 1.000 llocs de treball a Barcelona l'aposta m√©s gran de la hist√≤ria del nostre pa√≠s en I+D.

Un projecte capdavanter que compta amb el suport del Govern i ens situa de nou com un territori clau en l'√†mbit sanitari.",https://twitter.com/perearagones/status/1638163783733456896,,,6/3/23 10:22,astrazeneca barcelona
210,Tue Mar 21 18:59:36 +0000 2023,425724562,,Ma√±ana a las 18:00 presentamos el #HUB de I+D de @AstraZeneca en #Barcelona. Un gran proyecto de ecosistema con grandes retos y con la investigaci√≥n en Salud como protagonista!,https://twitter.com/CesarVelascoMun/status/1638254046170476559,,,6/3/23 10:22,astrazeneca barcelona
211,Tue Mar 21 12:33:29 +0000 2023,1.47285E+18,,Bones not√≠cies: AstraZeneca preveu contractar 1.000 persones a Barcelona en cinc anys https://t.co/gl5Uex7FBv,https://twitter.com/CATsenseLimits/status/1638156875655987201,,,6/3/23 10:22,astrazeneca barcelona
212,Tue Mar 21 18:12:30 +0000 2023,1.14456E+18,,"üíâ AstraZeneca s'instal¬∑la a Barcelona

üëâ La inversi√≥ en el projecte rondar√† els 800 milions d'euros #PlantaBaixaTV3

üîó https://t.co/SMxyszE1pn https://t.co/b7vJbHRJhA",https://twitter.com/plantabaixatv3/status/1638242193037983746,,,6/3/23 10:22,astrazeneca barcelona
213,Tue Mar 21 12:18:34 +0000 2023,501019349,,AstraZeneca instal¬∑lar√† un nou centre d‚ÄôI+D a Barcelona on contractar√† 1.000 persones https://t.co/5048oyKr3P,https://twitter.com/EPeconomia_cat/status/1638153122001420289,,,6/3/23 10:22,astrazeneca barcelona
214,Tue Mar 21 14:58:37 +0000 2023,2543778775,,"Ma√±ana a las 18:00 presentamos el #HUBAstraZeneca el acto institucional ""Transformando la ciencia en salud"". Un evento donde asistir√°n directivos de @AstraZeneca a nivel nacional y global @gencat y @bcn_ajuntament y @CienciaGob.
S√≠guelo en directo aqu√≠: https://t.co/oR6z1giARo",https://twitter.com/AstraZenecaES/status/1638193400544411648,,,6/3/23 10:22,astrazeneca barcelona
215,Tue Mar 21 22:21:50 +0000 2023,561489677,,El gigante farmac√©utico brit√°nico AstraZeneca ha elegido #Barcelona para levantar un gran #hub de I+D de referencia en #Europa que sirva para desarrollar nuevas terapias en el que podr√≠a invertir hasta 800 millones de euros y crea‚Ä¶https://t.co/QaI8bcsJjW https://t.co/o4IlNbpIQZ,https://twitter.com/robert_visa/status/1638304941541408768,,,6/3/23 10:22,astrazeneca barcelona
216,Tue Mar 21 14:57:13 +0000 2023,2483780966,,"@AstraZeneca ‚òùÔ∏è La multinacional anglosueca que ha mantingut diverses reunions amb el president de la Generalitat i el conseller @rogertorrent crear√† 1.000 llocs de treball en els propers cinc anys a Barcelona.

ü§ùEl projecte d‚Äôinversi√≥ de la farmac√®utica compta amb el suport d'@accio_cat",https://twitter.com/empresacat/status/1638193046603939843,,,6/3/23 10:22,astrazeneca barcelona
217,Tue Mar 21 18:35:54 +0000 2023,1647049718,,".@AstraZeneca tria Barcelona per obrir un nou centre de R+D amb la creaci√≥ de 1.000 llocs de treball en els pr√≤xims 5 anys.
https://t.co/KnOYQ8bqKb",https://twitter.com/david_m_arroyo/status/1638248081161351168,,,6/3/23 10:22,astrazeneca barcelona
218,Tue Mar 21 12:43:19 +0000 2023,4513414841,,AstraZeneca crear√° 1.000 empleos en #Barcelona con un ‚Äòhub‚Äô de nuevas terapias https://t.co/ft52ksFyIl,https://twitter.com/alopezs0981/status/1638159351733944327,,,6/3/23 10:22,astrazeneca barcelona
219,Tue Mar 21 15:31:32 +0000 2023,117556542,,üß¨ @AstraZeneca escull Barcelona per situar un dels seus ‚Äòhubs‚Äô internacionals de recerca el que suposar√† la creaci√≥ de 1.000 llocs de treball altament qualificats el projecte d'inversi√≥ estrangera en R+D m√©s gran de la hist√≤ria a Catalunya https://t.co/KHEBRqQ2DO,https://twitter.com/albertcaste/status/1638201684219314179,,,6/3/23 10:22,astrazeneca barcelona
220,Tue Mar 21 14:55:06 +0000 2023,2483780966,,"üîù El Govern celebra l'anunci d'@AstraZeneca a Barcelona el projecte d'inversi√≥ estrangera en R+D m√©s gran de la hist√≤ria a Catalunya.

https://t.co/wdVy8pVCHB",https://twitter.com/empresacat/status/1638192517597282307,,,6/3/23 10:22,astrazeneca barcelona
221,Tue Mar 21 14:41:18 +0000 2023,132488147,,"üî¨@AstraZeneca tria #Barcelona per obrir un nou ‚Äòhub‚Äô de R+D amb la creaci√≥ de 1.000 llocs de treball en els pr√≤xims 5 anys.

El projecte d‚Äôinversi√≥ estrangera d'R+D m√©s gran de la hist√≤ria a Catalunya que compta amb el suport d'ACCI√ì.

Descobreix-ne m√©süëâhttps://t.co/wOXeuBUp3e https://t.co/85qckdoOZJ",https://twitter.com/accio_cat/status/1638189044113784832,,,6/3/23 10:22,astrazeneca barcelona
222,Tue Mar 21 15:16:24 +0000 2023,8.166E+17,,üÜï‚öóÔ∏è #AstraZeneca abrir√° un nuevo 'hub' en #Barcelona: 1.000 puestos de trabajo especializado üëáüèº https://t.co/yVCHt7uTZl,https://twitter.com/BCNmetropoli/status/1638197876504313857,,,6/3/23 10:22,astrazeneca barcelona
223,Tue Mar 21 16:14:22 +0000 2023,394058597,,"üß™@AstraZeneca to create 1000 new jobs in #Barcelona with the largest-ever foreign R&ampD investment in Catalonia

The company's strategic investment will contribute to accelerating R&ampD activities in Catalonia's pharmaceutical field

‚û° https://t.co/l7laCMdIV3

#InvestInCatalonia https://t.co/csiiN9ghJl",https://twitter.com/Catalonia_TI/status/1638212463089926144,,,6/3/23 10:22,astrazeneca barcelona
224,Mon Mar 20 23:21:17 +0000 2023,169538164,,AstraZeneca preveu contractar 1.000 persones a Barcelona en cinc anys https://t.co/W7JKGFysYB,https://twitter.com/diariARA/status/1637957512438726656,,,6/3/23 10:22,astrazeneca barcelona
225,Tue Mar 21 12:17:08 +0000 2023,2854680832,,#AstraZeneca #Barcelona new R&ampD hub üëáüèø https://t.co/ML9NbrjmDw,https://twitter.com/montse_barcelo/status/1638152763879092224,,,6/3/23 10:22,astrazeneca barcelona
226,Tue Mar 21 07:28:32 +0000 2023,1.04287E+18,,AstraZeneca preveu contractar 1.000 persones a Barcelona en cinc anys https://t.co/gnHmWgz1st via @diariARA,https://twitter.com/joangomezp/status/1638080132240875520,,,6/3/23 10:22,astrazeneca barcelona
227,Tue Mar 21 06:54:06 +0000 2023,1194745704,,"AstraZeneca preveu contractar al voltant de 1.000 persones en cinc anys per al seu nou hub europeu de R+D ubicat a Barcelona.
Per @RigolAlbert via @diariARA 
https://t.co/WFg52Ewaxv",https://twitter.com/agenersurrell/status/1638071466464780289,,,6/3/23 10:22,astrazeneca barcelona
228,Tue Mar 21 08:14:11 +0000 2023,243139161,,AstraZeneca preveu contractar 1.000 persones a Barcelona en cinc anys https://t.co/hh7vqunRip,https://twitter.com/JordiValls13/status/1638091622914174977,,,6/3/23 10:22,astrazeneca barcelona
229,Tue Mar 21 07:38:02 +0000 2023,150779264,,AstraZeneca crear√° 1.000 empleos en Barcelona con un ‚Äòhub‚Äô de nuevas terapias https://t.co/HKsagfuidi,https://twitter.com/nandaluzzz/status/1638082524139200513,,,6/3/23 10:22,astrazeneca barcelona
230,Tue Mar 21 10:26:09 +0000 2023,1.52153E+18,,AstraZeneca instal¬∑lar√† un nou centre d‚ÄôI+D a Barcelona on contractar√† 1.000 persones https://t.co/fw42o6XtgH,https://twitter.com/AngelsSerra_/status/1638124832846929920,,,6/3/23 10:22,astrazeneca barcelona
231,Fri Mar 03 08:40:30 +0000 2023,1.3646E+18,,"Medical Writers at AstraZeneca
Medical Writers Clinical Regulatory all levels Location Gothenburg SE Gaithersburg US Barcelona ES or Mississauga CA Competitive salary ...
#Writing #epicjobs #astrazeneca
https://t.co/xeWdtCKyCE",https://twitter.com/zobjobsCA/status/1631575264479129600,,,6/3/23 10:22,astrazeneca barcelona
232,Tue Mar 21 08:01:08 +0000 2023,238131428,,High as a kite ! AstraZeneca crear√° 1.000 empleos en Barcelona con un ‚Äòhub‚Äô de nuevas terapias https://t.co/oJ0cYKXNT6,https://twitter.com/carmecloutier/status/1638088337893347330,,,6/3/23 10:22,astrazeneca barcelona
233,Tue Mar 21 08:10:10 +0000 2023,2681850116,,AstraZeneca crear√° 1.000 empleos en Barcelona con un ‚Äòhub‚Äô de nuevas terapias https://t.co/KWGPQCfOAQ,https://twitter.com/miquelborgo/status/1638090610086117377,,,6/3/23 10:22,astrazeneca barcelona
234,Tue Mar 21 06:49:16 +0000 2023,2728515845,,"Que gran error fue perder la sede europea de farmacia en Barcelona por culpa de proces. Hubiese sido el pilar de un gran cluster sanitario.

""AstraZeneca crear√° 1.000 empleos en Barcelona con un ‚Äòhub‚Äô de nuevas terapias""
 https://t.co/0aisl08BBw",https://twitter.com/jotapege20/status/1638070253493035008,,,6/3/23 10:22,astrazeneca barcelona
235,Tue Mar 21 06:38:32 +0000 2023,144435035,,"Buena noticia para Barcelona !!!

AstraZeneca crear√° 1.000 empleos en Barcelona con un ‚Äòhub‚Äô de nuevas terapias https://t.co/4J2qqdsqfp",https://twitter.com/rfrancesch/status/1638067550394232832,,,6/3/23 10:22,astrazeneca barcelona
236,Tue Mar 21 08:52:30 +0000 2023,8.61522E+17,,"¬øY tenemos que alegrarnos?

#AstraZeneca crear√° 1.000 empleos en Barcelona con un ‚Äòhub‚Äô de nuevas terapias 
https://t.co/rgyD3UNqc3",https://twitter.com/HbCecilia/status/1638101263664422912,,,6/3/23 10:22,astrazeneca barcelona
237,Tue Mar 21 07:36:22 +0000 2023,730776084,,AstraZeneca preveu contractar 1.000 persones a Barcelona en cinc anys https://t.co/vSLaQFJyO7 a trav√©s de @diariARA Seguim @BCNHealthHub,https://twitter.com/EvaRosellSolano/status/1638082103681089537,,,6/3/23 10:22,astrazeneca barcelona
238,Tue Mar 21 11:04:12 +0000 2023,151085945,,AstraZeneca preveu de contractar 1.000 persones en els pr√≤xims cinc a Barcelona https://t.co/g91P94dMhG,https://twitter.com/VilaWeb/status/1638134408191397888,,,6/3/23 10:22,astrazeneca barcelona
239,Tue Mar 21 12:07:01 +0000 2023,1.21503E+18,,AstraZeneca crear√° 1.000 empleos en Barcelona con un ‚Äòhub‚Äô de nuevas terapias. https://t.co/IGv071Vxnl,https://twitter.com/MarksResearch/status/1638150217282342912,,,6/3/23 10:22,astrazeneca barcelona
240,Tue Mar 21 09:17:26 +0000 2023,726430838,,AstraZeneca crear√° 1.000 empleos en Barcelona con un ‚Äòhub‚Äô de nuevas terapias https://t.co/OAOgPZos9X,https://twitter.com/Followthatbaby/status/1638107540172177408,,,6/3/23 10:22,astrazeneca barcelona
241,Tue Mar 21 09:11:44 +0000 2023,93649547,,"üì∞ @AstraZeneca tria #Barcelona per aixecar un gran hub d'R+D de refer√®ncia a Europa per desenvolupar noves #ter√†pies

üìà La inversi√≥ en el projecte podria arribar fins als 800 M‚Ç¨

üî¨ El hub culmina els esfor√ßos de @gencat per cr√©ixer al sector biom√®dic.

A @LaVanguardiaCAT üëá https://t.co/wRFGZnvrmg",https://twitter.com/biocat_cat/status/1638106103690018816,,,6/3/23 10:22,astrazeneca barcelona
242,Tue Mar 21 07:22:53 +0000 2023,74453123,,"‚òïÔ∏è¬°Buenos d√≠as!

La estrategia del Gobierno de utilizar la censura para identificar a Feij√≥o con Vox la apuesta de AstraZeneca por Barcelona para investigar nuevas terapias y otras noticias que debes saber. 

M√°s informaci√≥n en https://t.co/Kk2PdzBGxR https://t.co/VdqsREZXry",https://twitter.com/LaVanguardia/status/1638078709470052352,,,6/3/23 10:22,astrazeneca barcelona
243,Mon Mar 20 23:21:17 +0000 2023,169538164,,AstraZeneca preveu contractar 1.000 persones a Barcelona en cinc anys https://t.co/W7JKGFysYB,https://twitter.com/diariARA/status/1637957512438726656,,,6/3/23 10:22,astrazeneca barcelona
244,Tue Mar 21 09:06:55 +0000 2023,96531036,,"üì∞@AstraZeneca elige #Barcelona para levantar un gran hub de I+D de referencia en Europa para desarrollar nuevas #terapias

üìàLa inversi√≥n en el proyecto podr√≠a alcanzar hasta 800 M‚Ç¨
üî¨El hub culmina los esfuerzos de @gencat por crecer en el sector biom√©dico

En @LaVanguardiaüëá https://t.co/ZFGeGEsqaL",https://twitter.com/biocat_es/status/1638104892580548609,,,6/3/23 10:22,astrazeneca barcelona
245,Wed Mar 01 07:00:34 +0000 2023,474718469,,"‚òÅÔ∏è #Barcelona ja √©s una ‚Äòciutat que inspira‚Äô: la capital catalana s‚Äôuneix al projecte de la farmac√®utica AstraZeneca per conscienciar sobre la import√†ncia de la qualitat de l‚Äôaire a les ciutats.

RT via @BCN_Ecologia  üëá

https://t.co/HpD31oaFCA",https://twitter.com/XarxaSost/status/1630825337213820931,,,6/3/23 10:22,astrazeneca barcelona